Unity Editor version:    6000.0.41f1 (46e447368a18)
Branch:                  6000.0/staging
Build type:              Release
Batch mode:              YES
macOS version:           Version 14.7.4 (Build 23H420)
Darwin version:          23.6.0
Architecture:            arm64
Running under Rosetta:   NO
Available memory:        32768 MB
Using pre-set license
Pro License: YES

COMMAND LINE ARGUMENTS:
/Applications/Unity/Hub/Editor/6000.0.41f1/Unity.app/Contents/MacOS/Unity
-adb2
-batchMode
-noUpm
-name
AssetImportWorker1
-projectPath
/Users/shaase/projects/novartis/hand-tracking/hand-tracking
-logFile
Logs/AssetImportWorker1.log
-srvPort
63159
-job-worker-count
4
-background-job-worker-count
8
-gc-helper-count
1
Successfully changed project path to: /Users/shaase/projects/novartis/hand-tracking/hand-tracking
/Users/shaase/projects/novartis/hand-tracking/hand-tracking
[UnityMemory] Configuration Parameters - Can be set up in boot.config
    "memorysetup-bucket-allocator-granularity=16"
    "memorysetup-bucket-allocator-bucket-count=8"
    "memorysetup-bucket-allocator-block-size=33554432"
    "memorysetup-bucket-allocator-block-count=8"
    "memorysetup-main-allocator-block-size=16777216"
    "memorysetup-thread-allocator-block-size=16777216"
    "memorysetup-gfx-main-allocator-block-size=16777216"
    "memorysetup-gfx-thread-allocator-block-size=16777216"
    "memorysetup-cache-allocator-block-size=4194304"
    "memorysetup-typetree-allocator-block-size=2097152"
    "memorysetup-profiler-bucket-allocator-granularity=16"
    "memorysetup-profiler-bucket-allocator-bucket-count=8"
    "memorysetup-profiler-bucket-allocator-block-size=33554432"
    "memorysetup-profiler-bucket-allocator-block-count=8"
    "memorysetup-profiler-allocator-block-size=16777216"
    "memorysetup-profiler-editor-allocator-block-size=1048576"
    "memorysetup-temp-allocator-size-main=16777216"
    "memorysetup-job-temp-allocator-block-size=2097152"
    "memorysetup-job-temp-allocator-block-size-background=1048576"
    "memorysetup-job-temp-allocator-reduction-small-platforms=262144"
    "memorysetup-allocator-temp-initial-block-size-main=262144"
    "memorysetup-allocator-temp-initial-block-size-worker=262144"
    "memorysetup-temp-allocator-size-background-worker=32768"
    "memorysetup-temp-allocator-size-job-worker=262144"
    "memorysetup-temp-allocator-size-preload-manager=33554432"
    "memorysetup-temp-allocator-size-nav-mesh-worker=65536"
    "memorysetup-temp-allocator-size-audio-worker=65536"
    "memorysetup-temp-allocator-size-cloud-worker=32768"
    "memorysetup-temp-allocator-size-gi-baking-worker=262144"
    "memorysetup-temp-allocator-size-gi-baking-worker=262144"
    "memorysetup-temp-allocator-size-gi-baking-worker=262144"
    "memorysetup-temp-allocator-size-gi-baking-worker=262144"
    "memorysetup-temp-allocator-size-gi-baking-worker=262144"
    "memorysetup-temp-allocator-size-gfx=262144"
Player connection [8723271552]  Target information:

Player connection [8723271552]  * "[IP] 192.168.0.114 [Port] 0 [Flags] 2 [Guid] 1383649645 [EditorId] 1383649645 [Version] 1048832 [Id] OSXEditor(0,GQFHTCPF2P) [Debug] 1 [PackageName] OSXEditor [ProjectName] Editor" 

Player connection [8723271552]  * "[IP] 169.254.2.120 [Port] 0 [Flags] 2 [Guid] 1383649645 [EditorId] 1383649645 [Version] 1048832 [Id] OSXEditor(0,GQFHTCPF2P) [Debug] 1 [PackageName] OSXEditor [ProjectName] Editor" 

Player connection [8723271552] Host joined multi-casting on [225.0.0.222:54997]...
Player connection [8723271552] Host joined alternative multi-casting on [225.0.0.222:34997]...
JobSystem: Creating JobQueue using job-worker-count value 4
Input System module state changed to: Initialized.
[Physics::Module] Initialized fallback backend.
[Physics::Module] Id: 0xdecafbad
Library Redirect Path: Library/
[Physics::Module] Selected backend.
[Physics::Module] Name: PhysX
[Physics::Module] Id: 0xf2b8ea05
[Physics::Module] SDK Version: 4.1.2
[Physics::Module] Integration Version: 1.0.0
[Physics::Module] Threading Mode: Multi-Threaded
Refreshing native plugins compatible for Editor in 18.21 ms, found 9 plugins.
Preloading 0 native plugins for Editor in 0.00 ms.
Initialize engine version: 6000.0.41f1 (46e447368a18)
[Subsystems] Discovering subsystems at path /Applications/Unity/Hub/Editor/6000.0.41f1/Unity.app/Contents/Resources/UnitySubsystems
[Subsystems] Discovering subsystems at path /Users/shaase/projects/novartis/hand-tracking/hand-tracking/Assets
GfxDevice: creating device client; kGfxThreadingModeNonThreaded
 preferred device: Apple M1 Pro (high power)
Metal devices available: 1
0: Apple M1 Pro (high power)
Using device Apple M1 Pro (high power)
Initializing Metal device caps: Apple M1 Pro
Initialize mono
Mono path[0] = '/Applications/Unity/Hub/Editor/6000.0.41f1/Unity.app/Contents/Managed'
Mono path[1] = '/Applications/Unity/Hub/Editor/6000.0.41f1/Unity.app/Contents/MonoBleedingEdge/lib/mono/unityjit-macos'
Mono config path = '/Applications/Unity/Hub/Editor/6000.0.41f1/Unity.app/Contents/MonoBleedingEdge/etc'
Using monoOptions --debugger-agent=transport=dt_socket,embedding=1,server=y,suspend=n,address=127.0.0.1:56451
Begin MonoManager ReloadAssembly
Registering precompiled unity dll's ...
Register platform support module: /Applications/Unity/Hub/Editor/6000.0.41f1/Unity.app/Contents/PlaybackEngines/MacStandaloneSupport/UnityEditor.OSXStandalone.Extensions.dll
Register platform support module: /Applications/Unity/Hub/Editor/6000.0.41f1/PlaybackEngines/AndroidPlayer/UnityEditor.Android.Extensions.dll
Registered in 0.001037 seconds.
- Loaded All Assemblies, in  0.431 seconds
Native extension for Android target not found
Android Extension - Scanning For ADB Devices 167 ms
Native extension for OSXStandalone target not found
Mono: successfully reloaded assembly
- Finished resetting the current domain, in  0.462 seconds
Domain Reload Profiling: 898ms
	BeginReloadAssembly (189ms)
		ExecutionOrderSort (0ms)
		DisableScriptedObjects (0ms)
		BackupInstance (0ms)
		ReleaseScriptingObjects (0ms)
		CreateAndSetChildDomain (0ms)
	RebuildCommonClasses (36ms)
	RebuildNativeTypeToScriptingClass (11ms)
	initialDomainReloadingComplete (37ms)
	LoadAllAssembliesAndSetupDomain (163ms)
		LoadAssemblies (192ms)
		RebuildTransferFunctionScriptingTraits (0ms)
		AnalyzeDomain (153ms)
			TypeCache.Refresh (151ms)
				TypeCache.ScanAssembly (139ms)
			BuildScriptInfoCaches (0ms)
			ResolveRequiredComponents (1ms)
	FinalizeReload (462ms)
		ReleaseScriptCaches (0ms)
		RebuildScriptCaches (0ms)
		SetupLoadedEditorAssemblies (425ms)
			LogAssemblyErrors (0ms)
			InitializePlatformSupportModulesInManaged (235ms)
			SetLoadedEditorAssemblies (4ms)
			BeforeProcessingInitializeOnLoad (44ms)
			ProcessInitializeOnLoadAttributes (93ms)
			ProcessInitializeOnLoadMethodAttributes (49ms)
			AfterProcessingInitializeOnLoad (0ms)
			EditorAssembliesLoaded (0ms)
		ExecutionOrderSort2 (0ms)
		AwakeInstancesAfterBackupRestoration (0ms)
========================================================================
Worker process is ready to serve import requests
Import Worker Mode flag is 0x00
Begin MonoManager ReloadAssembly
- Loaded All Assemblies, in  1.427 seconds
'Packages/com.unity.xr.openxr/Runtime/OpenXRLoader.cs' contains partial class of Unity.Object, exactly 1 of the partial classes needs to be in a file with the same filename. This is to know the one that can be referenced from ie. GameObjects
'Packages/com.unity.xr.openxr/Runtime/OpenXRLoaderInternal.cs' contains partial class of Unity.Object, exactly 1 of the partial classes needs to be in a file with the same filename. This is to know the one that can be referenced from ie. GameObjects
Refreshing native plugins compatible for Editor in 3.20 ms, found 9 plugins.
Native extension for Android target not found
Native extension for OSXStandalone target not found
Package Manager log level set to [2]
[Package Manager] Failed to launch server process. Reason: Unity was launched with the -noUpm command-line argument
[Package Manager] Unable to send message (not connected to server process).
[Package Manager] Cannot connect to Unity Package Manager local server
[Package Manager] Failed to launch server process. Reason: Unity was launched with the -noUpm command-line argument
[Package Manager] Unable to send message (not connected to server process).
[Package Manager] Cannot connect to Unity Package Manager local server
System.Reflection.TargetInvocationException: Exception has been thrown by the target of an invocation. ---> System.TypeInitializationException: The type initializer for 'UnityEditor.XR.Interaction.Toolkit.Samples.Hands.Editor.HandsSampleProjectValidation' threw an exception. ---> System.NullReferenceException: Object reference not set to an instance of an object
  at Unity.XR.CoreUtils.Editor.PackageVersionUtility.UpdatePackageVersions () [0x00034] in ./Library/PackageCache/com.unity.xr.core-utils@c0df0dd5bced/Editor/ProjectValidation/PackageVersionUtility.cs:46 
  at Unity.XR.CoreUtils.Editor.PackageVersionUtility.GetPackageVersion (System.String packageName) [0x00011] in ./Library/PackageCache/com.unity.xr.core-utils@c0df0dd5bced/Editor/ProjectValidation/PackageVersionUtility.cs:67 
  at UnityEditor.XR.Interaction.Toolkit.Samples.Hands.Editor.HandsSampleProjectValidation..cctor () [0x00041] in /Users/shaase/projects/novartis/hand-tracking/hand-tracking/Assets/Samples/XR Interaction Toolkit/3.0.7/Hands Interaction Demo/Editor/Scripts/HandsSampleProjectValidation.cs:34 
   --- End of inner exception stack trace ---
  at (wrapper managed-to-native) System.Object.__icall_wrapper_mono_gc_wbarrier_generic_nostore_internal(intptr)
  at (wrapper write-barrier) System.Object.wbarrier_conc(intptr)
  at (wrapper managed-to-native) System.Reflection.RuntimeMethodInfo.InternalInvoke(System.Reflection.RuntimeMethodInfo,object,object[],System.Exception&)
  at System.Reflection.RuntimeMethodInfo.Invoke (System.Object obj, System.Reflection.BindingFlags invokeAttr, System.Reflection.Binder binder, System.Object[] parameters, System.Globalization.CultureInfo culture) [0x0006a] in <b4bf55bf6893420ebddeeda99394cb6d>:0 
   --- End of inner exception stack trace ---
  at System.Reflection.RuntimeMethodInfo.Invoke (System.Object obj, System.Reflection.BindingFlags invokeAttr, System.Reflection.Binder binder, System.Object[] parameters, System.Globalization.CultureInfo culture) [0x00083] in <b4bf55bf6893420ebddeeda99394cb6d>:0 
  at System.Reflection.MethodBase.Invoke (System.Object obj, System.Object[] parameters) [0x00000] in <b4bf55bf6893420ebddeeda99394cb6d>:0 
  at UnityEditor.EditorAssemblies.ProcessInitializeOnLoadMethodAttributes () [0x00056] in /Users/bokken/build/output/unity/unity/Editor/Mono/EditorAssemblies.cs:142 
UnityEngine.Debug:ExtractStackTraceNoAlloc (byte*,int,string)
UnityEngine.StackTraceUtility:ExtractStackTrace () (at /Users/bokken/build/output/unity/unity/Runtime/Export/Scripting/StackTrace.cs:37)
UnityEngine.DebugLogHandler:Internal_Log (UnityEngine.LogType,UnityEngine.LogOption,string,UnityEngine.Object)
UnityEngine.DebugLogHandler:LogFormat (UnityEngine.LogType,UnityEngine.Object,string,object[])
UnityEngine.Logger:Log (UnityEngine.LogType,object)
UnityEngine.Debug:LogError (object)
UnityEditor.EditorAssemblies:ProcessInitializeOnLoadMethodAttributes () (at /Users/bokken/build/output/unity/unity/Editor/Mono/EditorAssemblies.cs:146)

(Filename: /Users/bokken/build/output/unity/unity/Editor/Mono/EditorAssemblies.cs Line: 146)

Mono: successfully reloaded assembly
[Package Manager] Failed to launch server process. Reason: Unity was launched with the -noUpm command-line argument
[Package Manager] Unable to send message (not connected to server process).
[Package Manager] Cannot connect to Unity Package Manager local server
[Package Manager] Failed to launch server process. Reason: Unity was launched with the -noUpm command-line argument
[Package Manager] Unable to send message (not connected to server process).
[Package Manager] Cannot connect to Unity Package Manager local server
- Finished resetting the current domain, in  0.547 seconds
Domain Reload Profiling: 1973ms
	BeginReloadAssembly (337ms)
		ExecutionOrderSort (0ms)
		DisableScriptedObjects (4ms)
		BackupInstance (0ms)
		ReleaseScriptingObjects (0ms)
		CreateAndSetChildDomain (28ms)
	RebuildCommonClasses (102ms)
	RebuildNativeTypeToScriptingClass (10ms)
	initialDomainReloadingComplete (185ms)
	LoadAllAssembliesAndSetupDomain (792ms)
		LoadAssemblies (886ms)
		RebuildTransferFunctionScriptingTraits (0ms)
		AnalyzeDomain (187ms)
			TypeCache.Refresh (147ms)
				TypeCache.ScanAssembly (133ms)
			BuildScriptInfoCaches (28ms)
			ResolveRequiredComponents (9ms)
	FinalizeReload (547ms)
		ReleaseScriptCaches (0ms)
		RebuildScriptCaches (0ms)
		SetupLoadedEditorAssemblies (436ms)
			LogAssemblyErrors (0ms)
			InitializePlatformSupportModulesInManaged (8ms)
			SetLoadedEditorAssemblies (6ms)
			BeforeProcessingInitializeOnLoad (86ms)
			ProcessInitializeOnLoadAttributes (219ms)
			ProcessInitializeOnLoadMethodAttributes (117ms)
			AfterProcessingInitializeOnLoad (1ms)
			EditorAssembliesLoaded (0ms)
		ExecutionOrderSort2 (0ms)
		AwakeInstancesAfterBackupRestoration (2ms)
Launching external process: /Applications/Unity/Hub/Editor/6000.0.41f1/Unity.app/Contents/Tools/UnityShaderCompiler
Launched and connected shader compiler UnityShaderCompiler after 0.05 seconds
Refreshing native plugins compatible for Editor in 8.84 ms, found 9 plugins.
Preloading 0 native plugins for Editor in 0.00 ms.
Unloading 193 Unused Serialized files (Serialized files now loaded: 0)
Unloading 5242 unused Assets / (3.2 MB). Loaded Objects now: 5933.
Memory consumption went from 150.8 MB to 147.5 MB.
Total: 5.827917 ms (FindLiveObjects: 0.390542 ms CreateObjectMapping: 0.190291 ms MarkObjects: 3.824834 ms  DeleteObjects: 1.421625 ms)

========================================================================
Received Prepare
Begin MonoManager ReloadAssembly
Thread 0x342887000 may have been prematurely finalized
- Loaded All Assemblies, in  0.822 seconds
'Packages/com.unity.xr.openxr/Runtime/OpenXRLoader.cs' contains partial class of Unity.Object, exactly 1 of the partial classes needs to be in a file with the same filename. This is to know the one that can be referenced from ie. GameObjects
'Packages/com.unity.xr.openxr/Runtime/OpenXRLoaderInternal.cs' contains partial class of Unity.Object, exactly 1 of the partial classes needs to be in a file with the same filename. This is to know the one that can be referenced from ie. GameObjects
Refreshing native plugins compatible for Editor in 18.08 ms, found 10 plugins.
Native extension for Android target not found
Native extension for OSXStandalone target not found
[Package Manager] Failed to launch server process. Reason: Unity was launched with the -noUpm command-line argument
[Package Manager] Unable to send message (not connected to server process).
[Package Manager] Cannot connect to Unity Package Manager local server
[Package Manager] Failed to launch server process. Reason: Unity was launched with the -noUpm command-line argument
[Package Manager] Unable to send message (not connected to server process).
[Package Manager] Cannot connect to Unity Package Manager local server
System.Reflection.TargetInvocationException: Exception has been thrown by the target of an invocation. ---> System.TypeInitializationException: The type initializer for 'UnityEditor.XR.Interaction.Toolkit.Samples.Hands.Editor.HandsSampleProjectValidation' threw an exception. ---> System.NullReferenceException: Object reference not set to an instance of an object
  at Unity.XR.CoreUtils.Editor.PackageVersionUtility.UpdatePackageVersions () [0x00034] in ./Library/PackageCache/com.unity.xr.core-utils@c0df0dd5bced/Editor/ProjectValidation/PackageVersionUtility.cs:46 
  at Unity.XR.CoreUtils.Editor.PackageVersionUtility.GetPackageVersion (System.String packageName) [0x00011] in ./Library/PackageCache/com.unity.xr.core-utils@c0df0dd5bced/Editor/ProjectValidation/PackageVersionUtility.cs:67 
  at UnityEditor.XR.Interaction.Toolkit.Samples.Hands.Editor.HandsSampleProjectValidation..cctor () [0x00041] in /Users/shaase/projects/novartis/hand-tracking/hand-tracking/Assets/Samples/XR Interaction Toolkit/3.0.7/Hands Interaction Demo/Editor/Scripts/HandsSampleProjectValidation.cs:34 
   --- End of inner exception stack trace ---
  at (wrapper managed-to-native) System.Object.__icall_wrapper_mono_gc_wbarrier_generic_nostore_internal(intptr)
  at (wrapper write-barrier) System.Object.wbarrier_conc(intptr)
  at (wrapper managed-to-native) System.Reflection.RuntimeMethodInfo.InternalInvoke(System.Reflection.RuntimeMethodInfo,object,object[],System.Exception&)
  at System.Reflection.RuntimeMethodInfo.Invoke (System.Object obj, System.Reflection.BindingFlags invokeAttr, System.Reflection.Binder binder, System.Object[] parameters, System.Globalization.CultureInfo culture) [0x0006a] in <b4bf55bf6893420ebddeeda99394cb6d>:0 
   --- End of inner exception stack trace ---
  at System.Reflection.RuntimeMethodInfo.Invoke (System.Object obj, System.Reflection.BindingFlags invokeAttr, System.Reflection.Binder binder, System.Object[] parameters, System.Globalization.CultureInfo culture) [0x00083] in <b4bf55bf6893420ebddeeda99394cb6d>:0 
  at System.Reflection.MethodBase.Invoke (System.Object obj, System.Object[] parameters) [0x00000] in <b4bf55bf6893420ebddeeda99394cb6d>:0 
  at UnityEditor.EditorAssemblies.ProcessInitializeOnLoadMethodAttributes () [0x00056] in /Users/bokken/build/output/unity/unity/Editor/Mono/EditorAssemblies.cs:142 
UnityEngine.Debug:ExtractStackTraceNoAlloc (byte*,int,string)
UnityEngine.StackTraceUtility:ExtractStackTrace () (at /Users/bokken/build/output/unity/unity/Runtime/Export/Scripting/StackTrace.cs:37)
UnityEngine.DebugLogHandler:Internal_Log (UnityEngine.LogType,UnityEngine.LogOption,string,UnityEngine.Object)
UnityEngine.DebugLogHandler:LogFormat (UnityEngine.LogType,UnityEngine.Object,string,object[])
UnityEngine.Logger:Log (UnityEngine.LogType,object)
UnityEngine.Debug:LogError (object)
UnityEditor.EditorAssemblies:ProcessInitializeOnLoadMethodAttributes () (at /Users/bokken/build/output/unity/unity/Editor/Mono/EditorAssemblies.cs:146)

(Filename: /Users/bokken/build/output/unity/unity/Editor/Mono/EditorAssemblies.cs Line: 146)

Mono: successfully reloaded assembly
[Package Manager] Failed to launch server process. Reason: Unity was launched with the -noUpm command-line argument
[Package Manager] Unable to send message (not connected to server process).
[Package Manager] Cannot connect to Unity Package Manager local server
- Finished resetting the current domain, in  0.703 seconds
Domain Reload Profiling: 1526ms
	BeginReloadAssembly (251ms)
		ExecutionOrderSort (0ms)
		DisableScriptedObjects (4ms)
		BackupInstance (0ms)
		ReleaseScriptingObjects (0ms)
		CreateAndSetChildDomain (43ms)
	RebuildCommonClasses (34ms)
	RebuildNativeTypeToScriptingClass (11ms)
	initialDomainReloadingComplete (52ms)
	LoadAllAssembliesAndSetupDomain (476ms)
		LoadAssemblies (431ms)
		RebuildTransferFunctionScriptingTraits (0ms)
		AnalyzeDomain (214ms)
			TypeCache.Refresh (129ms)
				TypeCache.ScanAssembly (114ms)
			BuildScriptInfoCaches (74ms)
			ResolveRequiredComponents (9ms)
	FinalizeReload (703ms)
		ReleaseScriptCaches (0ms)
		RebuildScriptCaches (0ms)
		SetupLoadedEditorAssemblies (531ms)
			LogAssemblyErrors (0ms)
			InitializePlatformSupportModulesInManaged (7ms)
			SetLoadedEditorAssemblies (5ms)
			BeforeProcessingInitializeOnLoad (94ms)
			ProcessInitializeOnLoadAttributes (328ms)
			ProcessInitializeOnLoadMethodAttributes (96ms)
			AfterProcessingInitializeOnLoad (1ms)
			EditorAssembliesLoaded (0ms)
		ExecutionOrderSort2 (0ms)
		AwakeInstancesAfterBackupRestoration (7ms)
Refreshing native plugins compatible for Editor in 11.13 ms, found 10 plugins.
Preloading 0 native plugins for Editor in 0.00 ms.
Unloading 43 Unused Serialized files (Serialized files now loaded: 0)
Unloading 5586 unused Assets / (3.7 MB). Loaded Objects now: 6287.
Memory consumption went from 194.2 MB to 190.5 MB.
Total: 6.469334 ms (FindLiveObjects: 0.322833 ms CreateObjectMapping: 0.185000 ms MarkObjects: 4.244167 ms  DeleteObjects: 1.716750 ms)

Prepare: number of updated asset objects reloaded= 0
========================================================================
Received Import Request.
  Time since last request: 1787098.783416 seconds.
  path: Assets/Scenes/BasicScene.unity
  artifactKey: Guid(4e9fef26e6adb88479ad1b9834a32d94) Importer(2089858483,192608db42251d675da83286b1cce702)
Start importing Assets/Scenes/BasicScene.unity using Guid(4e9fef26e6adb88479ad1b9834a32d94) Importer(2089858483,192608db42251d675da83286b1cce702) (ScriptedImporter) -> (artifact id: '0dcc8fe28b7f314e3248757f2ac8ac8d') in 0.140380291 seconds
Number of updated asset objects reloaded before import = 0Number of asset objects unloaded after import = 1

========================================================================
Received Import Request.
  Time since last request: 0.000033 seconds.
  path: Assets/TextMesh Pro/Shaders/TMP_Bitmap.shader
  artifactKey: Guid(128e987d567d4e2c824d754223b3f3b0) Importer(2089858483,192608db42251d675da83286b1cce702)
Start importing Assets/TextMesh Pro/Shaders/TMP_Bitmap.shader using Guid(128e987d567d4e2c824d754223b3f3b0) Importer(2089858483,192608db42251d675da83286b1cce702) (ScriptedImporter) -> (artifact id: 'b92e173d5d0bdc4db258f6ec1a108330') in 0.022344709 seconds
Number of updated asset objects reloaded before import = 0Number of asset objects unloaded after import = 1

========================================================================
Received Import Request.
  Time since last request: 0.000043 seconds.
  path: Assets/VRTemplateAssets/Shaders/FauxBlurURP.shader
  artifactKey: Guid(0109ca49f001aed4a9b9378ad072e89a) Importer(2089858483,192608db42251d675da83286b1cce702)
Start importing Assets/VRTemplateAssets/Shaders/FauxBlurURP.shader using Guid(0109ca49f001aed4a9b9378ad072e89a) Importer(2089858483,192608db42251d675da83286b1cce702) (ScriptedImporter) -> (artifact id: '4115b324ad4447db40cee8b1a44c4cae') in 0.0129695 seconds
Number of updated asset objects reloaded before import = 0Number of asset objects unloaded after import = 1

========================================================================
Received Import Request.
  Time since last request: 0.000112 seconds.
  path: Assets/TextMesh Pro/Shaders/TMP_SDF-Mobile.shader
  artifactKey: Guid(fe393ace9b354375a9cb14cdbbc28be4) Importer(2089858483,192608db42251d675da83286b1cce702)
Start importing Assets/TextMesh Pro/Shaders/TMP_SDF-Mobile.shader using Guid(fe393ace9b354375a9cb14cdbbc28be4) Importer(2089858483,192608db42251d675da83286b1cce702) (ScriptedImporter) -> (artifact id: '534f21bd24667786aac1be9cae954f8a') in 0.006693292 seconds
Number of updated asset objects reloaded before import = 0Number of asset objects unloaded after import = 1

========================================================================
Received Import Request.
  Time since last request: 0.000053 seconds.
  path: Assets/VRTemplateAssets/Tutorial/TutorialLayout.wlt
  artifactKey: Guid(bd2287c5608e485449e4a5ea7889ac30) Importer(2089858483,192608db42251d675da83286b1cce702)
Start importing Assets/VRTemplateAssets/Tutorial/TutorialLayout.wlt using Guid(bd2287c5608e485449e4a5ea7889ac30) Importer(2089858483,192608db42251d675da83286b1cce702) (ScriptedImporter) -> (artifact id: '6da8b0de7a0f1c2dc88a4d15e052d49e') in 0.040527458 seconds
Number of updated asset objects reloaded before import = 0Number of asset objects unloaded after import = 1

========================================================================
Received Import Request.
  Time since last request: 0.000050 seconds.
  path: Assets/VRTemplateAssets/Scripts/HandSubsystemManager.cs
  artifactKey: Guid(7d52987a218afbc4c81f20e47e2cb295) Importer(2089858483,192608db42251d675da83286b1cce702)
Start importing Assets/VRTemplateAssets/Scripts/HandSubsystemManager.cs using Guid(7d52987a218afbc4c81f20e47e2cb295) Importer(2089858483,192608db42251d675da83286b1cce702) (ScriptedImporter) -> (artifact id: 'f0d86bfa5232390e74dbc9b7d682d03d') in 0.0102825 seconds
Number of updated asset objects reloaded before import = 0Number of asset objects unloaded after import = 0

========================================================================
Received Import Request.
  Time since last request: 0.000038 seconds.
  path: Assets/TextMesh Pro/Resources/TMP Settings.asset
  artifactKey: Guid(3f5b5dff67a942289a9defa416b206f3) Importer(2089858483,192608db42251d675da83286b1cce702)
Start importing Assets/TextMesh Pro/Resources/TMP Settings.asset using Guid(3f5b5dff67a942289a9defa416b206f3) Importer(2089858483,192608db42251d675da83286b1cce702) (ScriptedImporter) -> (artifact id: '3d81bfd2e16d4bd96ab814ceaba5d843') in 0.040237292 seconds
Number of updated asset objects reloaded before import = 0Number of asset objects unloaded after import = 15

========================================================================
Received Import Request.
  Time since last request: 0.000052 seconds.
  path: Assets/VRTemplateAssets/Audio/Button_14_hover.wav
  artifactKey: Guid(b319a2e4ff8f5d840b82d8635b645d22) Importer(2089858483,192608db42251d675da83286b1cce702)
Start importing Assets/VRTemplateAssets/Audio/Button_14_hover.wav using Guid(b319a2e4ff8f5d840b82d8635b645d22) Importer(2089858483,192608db42251d675da83286b1cce702) (ScriptedImporter) -> (artifact id: '9720cdd900d12e10d457506a2c976795') in 0.027256875 seconds
Number of updated asset objects reloaded before import = 0Number of asset objects unloaded after import = 1

========================================================================
Received Import Request.
  Time since last request: 0.000048 seconds.
  path: Assets/TextMesh Pro/Resources/LineBreaking Following Characters.txt
  artifactKey: Guid(fade42e8bc714b018fac513c043d323b) Importer(2089858483,192608db42251d675da83286b1cce702)
Start importing Assets/TextMesh Pro/Resources/LineBreaking Following Characters.txt using Guid(fade42e8bc714b018fac513c043d323b) Importer(2089858483,192608db42251d675da83286b1cce702) (ScriptedImporter) -> (artifact id: 'd4a316c905e4bf7ff501d32ae2e3050f') in 0.004771917 seconds
Number of updated asset objects reloaded before import = 0Number of asset objects unloaded after import = 1

========================================================================
Received Import Request.
  Time since last request: 0.000052 seconds.
  path: Assets/Scenes/SampleScene/LightingData.asset
  artifactKey: Guid(babed66f44e8b5445b185fac4e02e130) Importer(2089858483,192608db42251d675da83286b1cce702)
Start importing Assets/Scenes/SampleScene/LightingData.asset using Guid(babed66f44e8b5445b185fac4e02e130) Importer(2089858483,192608db42251d675da83286b1cce702) (ScriptedImporter) -> (artifact id: '35c80d7f3b6ef14c9ebf5ed3bad442ad') in 0.0055535 seconds
Number of updated asset objects reloaded before import = 0Number of asset objects unloaded after import = 2

========================================================================
Received Import Request.
  Time since last request: 0.000054 seconds.
  path: Assets/XR/XRGeneralSettings.asset
  artifactKey: Guid(1a4c68ca72a83449f938d669337cb305) Importer(2089858483,192608db42251d675da83286b1cce702)
Start importing Assets/XR/XRGeneralSettings.asset using Guid(1a4c68ca72a83449f938d669337cb305) Importer(2089858483,192608db42251d675da83286b1cce702) (ScriptedImporter) -> (artifact id: 'ca95c133d1e18a95b14b834021cd8a25') in 0.0231995 seconds
Number of updated asset objects reloaded before import = 0Number of asset objects unloaded after import = 10

========================================================================
Received Import Request.
  Time since last request: 0.000053 seconds.
  path: Assets/VRTemplateAssets/Materials/Anchor Materials/Blue Anchor Arrow.mat
  artifactKey: Guid(e42270a11c28f4744b73a18278e4ef33) Importer(2089858483,192608db42251d675da83286b1cce702)
Start importing Assets/VRTemplateAssets/Materials/Anchor Materials/Blue Anchor Arrow.mat using Guid(e42270a11c28f4744b73a18278e4ef33) Importer(2089858483,192608db42251d675da83286b1cce702) (ScriptedImporter) -> (artifact id: 'c173edc7b2b76f86ba4b63b8282f42a5') in 0.016073875 seconds
Number of updated asset objects reloaded before import = 0Number of asset objects unloaded after import = 1

========================================================================
Received Import Request.
  Time since last request: 0.000076 seconds.
  path: Assets/VRTemplateAssets/Fonts/Inter/Inter-Regular.ttf
  artifactKey: Guid(78c7f42a7547f22448a621eaeeef3fd2) Importer(2089858483,192608db42251d675da83286b1cce702)
Start importing Assets/VRTemplateAssets/Fonts/Inter/Inter-Regular.ttf using Guid(78c7f42a7547f22448a621eaeeef3fd2) Importer(2089858483,192608db42251d675da83286b1cce702) (ScriptedImporter) -> (artifact id: 'e194a9e9973bf287a2c15e7480e6fc1a') in 0.015891292 seconds
Number of updated asset objects reloaded before import = 0Number of asset objects unloaded after import = 3

========================================================================
Received Import Request.
  Time since last request: 0.000053 seconds.
  path: Assets/VRTemplateAssets/Scripts/VideoTimeScrubControl.cs
  artifactKey: Guid(6ca75f292f7449044807f6ba9e6f954c) Importer(2089858483,192608db42251d675da83286b1cce702)
Start importing Assets/VRTemplateAssets/Scripts/VideoTimeScrubControl.cs using Guid(6ca75f292f7449044807f6ba9e6f954c) Importer(2089858483,192608db42251d675da83286b1cce702) (ScriptedImporter) -> (artifact id: 'd1a5970e84ee3a14646db2cb1eb7359a') in 0.003643584 seconds
Number of updated asset objects reloaded before import = 0Number of asset objects unloaded after import = 0

========================================================================
Received Import Request.
  Time since last request: 0.000057 seconds.
  path: Assets/VRTemplateAssets/Materials/Controller/DefaultMaterial_AO.png
  artifactKey: Guid(7438999bc10061a4db23c995a4d56f21) Importer(2089858483,192608db42251d675da83286b1cce702)
Start importing Assets/VRTemplateAssets/Materials/Controller/DefaultMaterial_AO.png using Guid(7438999bc10061a4db23c995a4d56f21) Importer(2089858483,192608db42251d675da83286b1cce702) (ScriptedImporter) -> (artifact id: '5e9c22154ed3c210f92b19d53216f44a') in 0.026756416 seconds
Number of updated asset objects reloaded before import = 0Number of asset objects unloaded after import = 1

========================================================================
Received Import Request.
  Time since last request: 0.000064 seconds.
  path: Assets/TextMesh Pro/Resources/Fonts & Materials/LiberationSans SDF - Fallback.asset
  artifactKey: Guid(2e498d1c8094910479dc3e1b768306a4) Importer(2089858483,192608db42251d675da83286b1cce702)
Start importing Assets/TextMesh Pro/Resources/Fonts & Materials/LiberationSans SDF - Fallback.asset using Guid(2e498d1c8094910479dc3e1b768306a4) Importer(2089858483,192608db42251d675da83286b1cce702) (ScriptedImporter) -> (artifact id: '7667b83d0aea354b0b4c3d7ea24a03f1') in 0.021369334 seconds
Number of updated asset objects reloaded before import = 0Number of asset objects unloaded after import = 5

========================================================================
Received Import Request.
  Time since last request: 0.000042 seconds.
  path: Assets/TextMesh Pro/Resources/Fonts & Materials/LiberationSans SDF.asset
  artifactKey: Guid(8f586378b4e144a9851e7b34d9b748ee) Importer(2089858483,192608db42251d675da83286b1cce702)
Start importing Assets/TextMesh Pro/Resources/Fonts & Materials/LiberationSans SDF.asset using Guid(8f586378b4e144a9851e7b34d9b748ee) Importer(2089858483,192608db42251d675da83286b1cce702) (ScriptedImporter) -> (artifact id: '5fb99851f9f7ac041d3f9610f4d1f74f') in 0.04830875 seconds
Number of updated asset objects reloaded before import = 0Number of asset objects unloaded after import = 8

========================================================================
Received Import Request.
  Time since last request: 0.000064 seconds.
  path: Assets/VRTemplateAssets/Fonts/Inter/Inter-Regular SDF NoBackfaceCulling.asset
  artifactKey: Guid(fbb7c6a04be6d8341934b839f24b42e1) Importer(2089858483,192608db42251d675da83286b1cce702)
Start importing Assets/VRTemplateAssets/Fonts/Inter/Inter-Regular SDF NoBackfaceCulling.asset using Guid(fbb7c6a04be6d8341934b839f24b42e1) Importer(2089858483,192608db42251d675da83286b1cce702) (ScriptedImporter) -> (artifact id: '1447d5be65c95af294127ccbe6d160c7') in 0.018896417 seconds
Number of updated asset objects reloaded before import = 0Number of asset objects unloaded after import = 3

========================================================================
Received Import Request.
  Time since last request: 0.000068 seconds.
  path: Assets/VRTemplateAssets/Materials/Controller/UniversalMaterialGrey.mat
  artifactKey: Guid(a1c1d11b32e0a6e4084e16fea6027537) Importer(2089858483,192608db42251d675da83286b1cce702)
Start importing Assets/VRTemplateAssets/Materials/Controller/UniversalMaterialGrey.mat using Guid(a1c1d11b32e0a6e4084e16fea6027537) Importer(2089858483,192608db42251d675da83286b1cce702) (ScriptedImporter) -> (artifact id: 'b006139c7674678bf06ee808af6de944') in 0.005700334 seconds
Number of updated asset objects reloaded before import = 0Number of asset objects unloaded after import = 2

========================================================================
Received Import Request.
  Time since last request: 0.000048 seconds.
  path: Assets/Scenes/SampleScene/ReflectionProbe-0.exr
  artifactKey: Guid(bfb8f0735ac8c9b43a2f0251aea88e11) Importer(2089858483,192608db42251d675da83286b1cce702)
Start importing Assets/Scenes/SampleScene/ReflectionProbe-0.exr using Guid(bfb8f0735ac8c9b43a2f0251aea88e11) Importer(2089858483,192608db42251d675da83286b1cce702) (ScriptedImporter) -> (artifact id: 'b17170ffe42e3498ca1538b575e30fbb') in 0.009555208 seconds
Number of updated asset objects reloaded before import = 0Number of asset objects unloaded after import = 1

========================================================================
Received Import Request.
  Time since last request: 0.000044 seconds.
  path: Assets/VRTemplateAssets/Fonts/Inter/Inter-Regular SDF Overlay Material.mat
  artifactKey: Guid(c5340088affa7b6418a70a596e608408) Importer(2089858483,192608db42251d675da83286b1cce702)
Start importing Assets/VRTemplateAssets/Fonts/Inter/Inter-Regular SDF Overlay Material.mat using Guid(c5340088affa7b6418a70a596e608408) Importer(2089858483,192608db42251d675da83286b1cce702) (ScriptedImporter) -> (artifact id: '4f1d54843f8bf65945bc5d1edbbc7ef1') in 0.00856425 seconds
Number of updated asset objects reloaded before import = 0Number of asset objects unloaded after import = 2

========================================================================
Received Import Request.
  Time since last request: 0.000046 seconds.
  path: Assets/TextMesh Pro/Shaders/TMP_Bitmap-Mobile.shader
  artifactKey: Guid(1e3b057af24249748ff873be7fafee47) Importer(2089858483,192608db42251d675da83286b1cce702)
Start importing Assets/TextMesh Pro/Shaders/TMP_Bitmap-Mobile.shader using Guid(1e3b057af24249748ff873be7fafee47) Importer(2089858483,192608db42251d675da83286b1cce702) (ScriptedImporter) -> (artifact id: '9c63ae439290d678517a3ecbe843580a') in 0.004725166 seconds
Number of updated asset objects reloaded before import = 0Number of asset objects unloaded after import = 1

========================================================================
Received Import Request.
  Time since last request: 0.000051 seconds.
  path: Assets/VRTemplateAssets/Materials/Controller/UniversalMaterialWhite.mat
  artifactKey: Guid(9c7ab565ff2af1b4fba6ce483a124cf9) Importer(2089858483,192608db42251d675da83286b1cce702)
Start importing Assets/VRTemplateAssets/Materials/Controller/UniversalMaterialWhite.mat using Guid(9c7ab565ff2af1b4fba6ce483a124cf9) Importer(2089858483,192608db42251d675da83286b1cce702) (ScriptedImporter) -> (artifact id: '3d6f1b692ba63b191dd2e2c1e1ae6e07') in 0.006167708 seconds
Number of updated asset objects reloaded before import = 0Number of asset objects unloaded after import = 2

========================================================================
Received Import Request.
  Time since last request: 0.000057 seconds.
  path: Assets/Scenes/SampleScene.unity
  artifactKey: Guid(55daccc09a3b69647bbab145b54a3ab3) Importer(2089858483,192608db42251d675da83286b1cce702)
Start importing Assets/Scenes/SampleScene.unity using Guid(55daccc09a3b69647bbab145b54a3ab3) Importer(2089858483,192608db42251d675da83286b1cce702) (ScriptedImporter) -> (artifact id: 'ea70199c54793ccce4979cf558383fbf') in 0.01832575 seconds
Number of updated asset objects reloaded before import = 0Number of asset objects unloaded after import = 1

========================================================================
Received Import Request.
  Time since last request: 0.000050 seconds.
  path: Assets/TextMesh Pro/Shaders/TMP_SDF-URP Lit.shadergraph
  artifactKey: Guid(a3d800b099a06e0478fb790c5e79057a) Importer(2089858483,192608db42251d675da83286b1cce702)
Start importing Assets/TextMesh Pro/Shaders/TMP_SDF-URP Lit.shadergraph using Guid(a3d800b099a06e0478fb790c5e79057a) Importer(2089858483,192608db42251d675da83286b1cce702) (ScriptedImporter) -> (artifact id: 'd301c6fd533d09a9e816f280a239f198') in 0.0218655 seconds
Number of updated asset objects reloaded before import = 0Number of asset objects unloaded after import = 4

========================================================================
Received Import Request.
  Time since last request: 0.000046 seconds.
  path: Assets/TextMesh Pro/Resources/Sprite Assets/EmojiOne.asset
  artifactKey: Guid(c41005c129ba4d66911b75229fd70b45) Importer(2089858483,192608db42251d675da83286b1cce702)
Start importing Assets/TextMesh Pro/Resources/Sprite Assets/EmojiOne.asset using Guid(c41005c129ba4d66911b75229fd70b45) Importer(2089858483,192608db42251d675da83286b1cce702) (ScriptedImporter) -> (artifact id: '6cb2235b477c68eb281583486212ed57') in 0.007070167 seconds
Number of updated asset objects reloaded before import = 0Number of asset objects unloaded after import = 3

========================================================================
Received Import Request.
  Time since last request: 0.000059 seconds.
  path: Assets/VRTemplateAssets/Materials/Environment/wall_Metallic.png
  artifactKey: Guid(f0c44a6fb8432d840b04e763170b8d17) Importer(2089858483,192608db42251d675da83286b1cce702)
Start importing Assets/VRTemplateAssets/Materials/Environment/wall_Metallic.png using Guid(f0c44a6fb8432d840b04e763170b8d17) Importer(2089858483,192608db42251d675da83286b1cce702) (ScriptedImporter) -> (artifact id: '03e14a978a45f1fc7e2173b787da558b') in 0.007033917 seconds
Number of updated asset objects reloaded before import = 0Number of asset objects unloaded after import = 1

========================================================================
Received Import Request.
  Time since last request: 0.000063 seconds.
  path: Assets/VRTemplateAssets/Materials/Environment/Grid Dark Tight.mat
  artifactKey: Guid(43672be0899539340ba6ac5db322693c) Importer(2089858483,192608db42251d675da83286b1cce702)
Start importing Assets/VRTemplateAssets/Materials/Environment/Grid Dark Tight.mat using Guid(43672be0899539340ba6ac5db322693c) Importer(2089858483,192608db42251d675da83286b1cce702) (ScriptedImporter) -> (artifact id: '3fdfe8d74b13cd4f62979e2e89ec55b5') in 0.005971 seconds
Number of updated asset objects reloaded before import = 0Number of asset objects unloaded after import = 1

========================================================================
Received Import Request.
  Time since last request: 0.000051 seconds.
  path: Assets/VRTemplateAssets/Materials/Environment/wall_Base_color.png
  artifactKey: Guid(89c4d70ec8a71624f9f1ea880312974b) Importer(2089858483,192608db42251d675da83286b1cce702)
Start importing Assets/VRTemplateAssets/Materials/Environment/wall_Base_color.png using Guid(89c4d70ec8a71624f9f1ea880312974b) Importer(2089858483,192608db42251d675da83286b1cce702) (ScriptedImporter) -> (artifact id: '08ddb182188de10b22b21032b174896e') in 0.007270708 seconds
Number of updated asset objects reloaded before import = 0Number of asset objects unloaded after import = 1

========================================================================
Received Import Request.
  Time since last request: 0.000048 seconds.
  path: Assets/VRTemplateAssets/Materials/Environment/Arrows.mat
  artifactKey: Guid(08d0ccc4a501e6645be0c3ee36d0cd20) Importer(2089858483,192608db42251d675da83286b1cce702)
Start importing Assets/VRTemplateAssets/Materials/Environment/Arrows.mat using Guid(08d0ccc4a501e6645be0c3ee36d0cd20) Importer(2089858483,192608db42251d675da83286b1cce702) (ScriptedImporter) -> (artifact id: '91341a590b88f30bfeef3a484a80b114') in 0.00418275 seconds
Number of updated asset objects reloaded before import = 0Number of asset objects unloaded after import = 1

========================================================================
Received Import Request.
  Time since last request: 0.000079 seconds.
  path: Assets/VRTemplateAssets/Materials/Environment/wall2_Normal_OpenGL.png
  artifactKey: Guid(b9adf7a4adc3785428265de3303e0505) Importer(2089858483,192608db42251d675da83286b1cce702)
Start importing Assets/VRTemplateAssets/Materials/Environment/wall2_Normal_OpenGL.png using Guid(b9adf7a4adc3785428265de3303e0505) Importer(2089858483,192608db42251d675da83286b1cce702) (ScriptedImporter) -> (artifact id: 'f32d4587504fac04233c337bae7031c3') in 0.009883333 seconds
Number of updated asset objects reloaded before import = 0Number of asset objects unloaded after import = 1

========================================================================
Received Import Request.
  Time since last request: 0.000037 seconds.
  path: Assets/VRTemplateAssets/Materials/Controller/White.mat
  artifactKey: Guid(aebe93966bf343747a0609ed48dcd4df) Importer(2089858483,192608db42251d675da83286b1cce702)
Start importing Assets/VRTemplateAssets/Materials/Controller/White.mat using Guid(aebe93966bf343747a0609ed48dcd4df) Importer(2089858483,192608db42251d675da83286b1cce702) (ScriptedImporter) -> (artifact id: '9d067f0dbb70e1d96f12753562c08f20') in 0.004074917 seconds
Number of updated asset objects reloaded before import = 0Number of asset objects unloaded after import = 1

========================================================================
Received Import Request.
  Time since last request: 0.000060 seconds.
  path: Assets/VRTemplateAssets/Materials/Environment/Concrete_Metallic.tif
  artifactKey: Guid(5d6f91bab10f9f345aa741e70bc0fd6f) Importer(2089858483,192608db42251d675da83286b1cce702)
Start importing Assets/VRTemplateAssets/Materials/Environment/Concrete_Metallic.tif using Guid(5d6f91bab10f9f345aa741e70bc0fd6f) Importer(2089858483,192608db42251d675da83286b1cce702) (ScriptedImporter) -> (artifact id: '04bdea44b5126b9cc91cb140580260e8') in 0.007395834 seconds
Number of updated asset objects reloaded before import = 0Number of asset objects unloaded after import = 1

========================================================================
Received Import Request.
  Time since last request: 0.000063 seconds.
  path: Assets/VRTemplateAssets/Materials/Environment/Concrete Blue.mat
  artifactKey: Guid(895b038bf03adba4c951968630c6032d) Importer(2089858483,192608db42251d675da83286b1cce702)
Start importing Assets/VRTemplateAssets/Materials/Environment/Concrete Blue.mat using Guid(895b038bf03adba4c951968630c6032d) Importer(2089858483,192608db42251d675da83286b1cce702) (ScriptedImporter) -> (artifact id: 'f37c4e7c877ff623e81ccf20b2fa58ea') in 0.006026709 seconds
Number of updated asset objects reloaded before import = 0Number of asset objects unloaded after import = 3

========================================================================
Received Import Request.
  Time since last request: 0.000054 seconds.
  path: Assets/VRTemplateAssets/Materials/Environment/Chrome.mat
  artifactKey: Guid(5d46bb438eef41d449bb7588f4a77e06) Importer(2089858483,192608db42251d675da83286b1cce702)
Start importing Assets/VRTemplateAssets/Materials/Environment/Chrome.mat using Guid(5d46bb438eef41d449bb7588f4a77e06) Importer(2089858483,192608db42251d675da83286b1cce702) (ScriptedImporter) -> (artifact id: '4b7c57f76c519036e9f9ba32f36674e0') in 0.005805834 seconds
Number of updated asset objects reloaded before import = 0Number of asset objects unloaded after import = 2

========================================================================
Received Import Request.
  Time since last request: 0.000052 seconds.
  path: Assets/VRTemplateAssets/Materials/Environment/Wall Default.mat
  artifactKey: Guid(dcac969f335985b47a7dd104e05496d9) Importer(2089858483,192608db42251d675da83286b1cce702)
Start importing Assets/VRTemplateAssets/Materials/Environment/Wall Default.mat using Guid(dcac969f335985b47a7dd104e05496d9) Importer(2089858483,192608db42251d675da83286b1cce702) (ScriptedImporter) -> (artifact id: '07799e25ce6156df1f835a3e16dd644c') in 0.00794175 seconds
Number of updated asset objects reloaded before import = 0Number of asset objects unloaded after import = 5

========================================================================
Received Import Request.
  Time since last request: 0.000055 seconds.
  path: Assets/VRTemplateAssets/Materials/Environment/wall2_Height.png
  artifactKey: Guid(8002692e17ddbbf4d89c025c4679de37) Importer(2089858483,192608db42251d675da83286b1cce702)
Start importing Assets/VRTemplateAssets/Materials/Environment/wall2_Height.png using Guid(8002692e17ddbbf4d89c025c4679de37) Importer(2089858483,192608db42251d675da83286b1cce702) (ScriptedImporter) -> (artifact id: 'c93b38418613ea3d0c61c6bfe639fbc5') in 0.017158167 seconds
Number of updated asset objects reloaded before import = 0Number of asset objects unloaded after import = 1

========================================================================
Received Import Request.
  Time since last request: 0.000033 seconds.
  path: Assets/Settings/Project Configuration/UniversalRenderPipelineGlobalSettings.asset
  artifactKey: Guid(b14f41a94dde88c4fa9fed9ae80f7362) Importer(2089858483,192608db42251d675da83286b1cce702)
Start importing Assets/Settings/Project Configuration/UniversalRenderPipelineGlobalSettings.asset using Guid(b14f41a94dde88c4fa9fed9ae80f7362) Importer(2089858483,192608db42251d675da83286b1cce702) (ScriptedImporter) -> (artifact id: '2eb252ca9f26d16581a44f2ab193fa5e') in 0.020713209 seconds
Number of updated asset objects reloaded before import = 0Number of asset objects unloaded after import = 0

========================================================================
Received Import Request.
  Time since last request: 0.000050 seconds.
  path: Assets/VRTemplateAssets/Fonts/Inter/Inter-Regular SDF.asset
  artifactKey: Guid(f675742eaf9c20a4f909d78ee7a14fed) Importer(2089858483,192608db42251d675da83286b1cce702)
Start importing Assets/VRTemplateAssets/Fonts/Inter/Inter-Regular SDF.asset using Guid(f675742eaf9c20a4f909d78ee7a14fed) Importer(2089858483,192608db42251d675da83286b1cce702) (ScriptedImporter) -> (artifact id: 'fc153939213f71cf1eceaa922773df41') in 0.016276083 seconds
Number of updated asset objects reloaded before import = 0Number of asset objects unloaded after import = 3

========================================================================
Received Import Request.
  Time since last request: 0.000046 seconds.
  path: Assets/VRTemplateAssets/Scripts/XRKnob.cs
  artifactKey: Guid(e888dc0064d84d041818fa202b52d6be) Importer(2089858483,192608db42251d675da83286b1cce702)
Start importing Assets/VRTemplateAssets/Scripts/XRKnob.cs using Guid(e888dc0064d84d041818fa202b52d6be) Importer(2089858483,192608db42251d675da83286b1cce702) (ScriptedImporter) -> (artifact id: '030d51a07b1d6ca1135d1457de3a135b') in 0.006021125 seconds
Number of updated asset objects reloaded before import = 0Number of asset objects unloaded after import = 0

========================================================================
Received Import Request.
  Time since last request: 0.000047 seconds.
  path: Assets/VRTemplateAssets/Shaders/TexturedStableFresnelCommon.cginc
  artifactKey: Guid(7e993ba3aff41e5449030adfcd2d5525) Importer(2089858483,192608db42251d675da83286b1cce702)
Start importing Assets/VRTemplateAssets/Shaders/TexturedStableFresnelCommon.cginc using Guid(7e993ba3aff41e5449030adfcd2d5525) Importer(2089858483,192608db42251d675da83286b1cce702) (ScriptedImporter) -> (artifact id: '57f86582e5d87cd0e25b71843f6ee06a') in 0.011762959 seconds
Number of updated asset objects reloaded before import = 0Number of asset objects unloaded after import = 1

========================================================================
Received Import Request.
  Time since last request: 0.000057 seconds.
  path: Assets/Scenes/BasicScene/Grid.mat
  artifactKey: Guid(40d5f39ae0668b14f9d71f56c2981be7) Importer(2089858483,192608db42251d675da83286b1cce702)
Start importing Assets/Scenes/BasicScene/Grid.mat using Guid(40d5f39ae0668b14f9d71f56c2981be7) Importer(2089858483,192608db42251d675da83286b1cce702) (ScriptedImporter) -> (artifact id: '1afeddd9a9021483cf539d18fc6d9d85') in 0.010321208 seconds
Number of updated asset objects reloaded before import = 0Number of asset objects unloaded after import = 2

========================================================================
Received Import Request.
  Time since last request: 0.000070 seconds.
  path: Assets/VRTemplateAssets/Themes/EdgeColorAffordanceTheme.asset
  artifactKey: Guid(3f64ff74c0b83314ba0d51fd6312625b) Importer(2089858483,192608db42251d675da83286b1cce702)
Start importing Assets/VRTemplateAssets/Themes/EdgeColorAffordanceTheme.asset using Guid(3f64ff74c0b83314ba0d51fd6312625b) Importer(2089858483,192608db42251d675da83286b1cce702) (ScriptedImporter) -> (artifact id: 'acb939503e60a920f6c25beefbf5c3d1') in 0.012136041 seconds
Number of updated asset objects reloaded before import = 0Number of asset objects unloaded after import = 1

========================================================================
Received Import Request.
  Time since last request: 0.000034 seconds.
  path: Assets/TextMesh Pro/Shaders/TMPro_Properties.cginc
  artifactKey: Guid(3997e2241185407d80309a82f9148466) Importer(2089858483,192608db42251d675da83286b1cce702)
Start importing Assets/TextMesh Pro/Shaders/TMPro_Properties.cginc using Guid(3997e2241185407d80309a82f9148466) Importer(2089858483,192608db42251d675da83286b1cce702) (ScriptedImporter) -> (artifact id: 'e5b9477cc89c7be9a9d6fd3373c9d820') in 0.0046305 seconds
Number of updated asset objects reloaded before import = 0Number of asset objects unloaded after import = 1

========================================================================
Received Import Request.
  Time since last request: 0.000077 seconds.
  path: Assets/VRTemplateAssets/Scripts/PermissionsManager.cs
  artifactKey: Guid(a210aa19b985bf849ba74812660e6f87) Importer(2089858483,192608db42251d675da83286b1cce702)
Start importing Assets/VRTemplateAssets/Scripts/PermissionsManager.cs using Guid(a210aa19b985bf849ba74812660e6f87) Importer(2089858483,192608db42251d675da83286b1cce702) (ScriptedImporter) -> (artifact id: '62de7498b59b4983d19baa5dd0af03c7') in 0.003899875 seconds
Number of updated asset objects reloaded before import = 0Number of asset objects unloaded after import = 0

========================================================================
Received Import Request.
  Time since last request: 0.000043 seconds.
  path: Assets/TextMesh Pro/Shaders/TMP_SDF.shader
  artifactKey: Guid(68e6db2ebdc24f95958faec2be5558d6) Importer(2089858483,192608db42251d675da83286b1cce702)
Start importing Assets/TextMesh Pro/Shaders/TMP_SDF.shader using Guid(68e6db2ebdc24f95958faec2be5558d6) Importer(2089858483,192608db42251d675da83286b1cce702) (ScriptedImporter) -> (artifact id: '322610470ae28ee6b3a9f3ae11b6f6c7') in 0.006727 seconds
Number of updated asset objects reloaded before import = 0Number of asset objects unloaded after import = 1

========================================================================
Received Import Request.
  Time since last request: 0.000044 seconds.
  path: Assets/TextMesh Pro/Shaders/TMP_SDF-Surface-Mobile.shader
  artifactKey: Guid(85187c2149c549c5b33f0cdb02836b17) Importer(2089858483,192608db42251d675da83286b1cce702)
Start importing Assets/TextMesh Pro/Shaders/TMP_SDF-Surface-Mobile.shader using Guid(85187c2149c549c5b33f0cdb02836b17) Importer(2089858483,192608db42251d675da83286b1cce702) (ScriptedImporter) -> (artifact id: '88525a0aa777609cc143054c7e7d42a9') in 0.006168333 seconds
Number of updated asset objects reloaded before import = 0Number of asset objects unloaded after import = 1

========================================================================
Received Import Request.
  Time since last request: 0.000040 seconds.
  path: Assets/VRTemplateAssets/Materials/Primitive/Interactables.mat
  artifactKey: Guid(377a24320b3adeb438edc10508f4ced8) Importer(2089858483,192608db42251d675da83286b1cce702)
Start importing Assets/VRTemplateAssets/Materials/Primitive/Interactables.mat using Guid(377a24320b3adeb438edc10508f4ced8) Importer(2089858483,192608db42251d675da83286b1cce702) (ScriptedImporter) -> (artifact id: '9e80fe7ce19c04aea527861f484242e2') in 0.006930958 seconds
Number of updated asset objects reloaded before import = 0Number of asset objects unloaded after import = 6

========================================================================
Received Import Request.
  Time since last request: 0.000065 seconds.
  path: Assets/VRTemplateAssets/Materials/Primitive/fabric_Height.png
  artifactKey: Guid(356c407e725a3f848a785b134856cd4b) Importer(2089858483,192608db42251d675da83286b1cce702)
Start importing Assets/VRTemplateAssets/Materials/Primitive/fabric_Height.png using Guid(356c407e725a3f848a785b134856cd4b) Importer(2089858483,192608db42251d675da83286b1cce702) (ScriptedImporter) -> (artifact id: 'b555eb244419b73c1f0cdf6d02b14d1c') in 0.008388375 seconds
Number of updated asset objects reloaded before import = 0Number of asset objects unloaded after import = 1

========================================================================
Received Import Request.
  Time since last request: 0.000050 seconds.
  path: Assets/VRTemplateAssets/Materials/Primitive/fabric_Roughness.png
  artifactKey: Guid(319adc7d9f08d654a854fd141a197589) Importer(2089858483,192608db42251d675da83286b1cce702)
Start importing Assets/VRTemplateAssets/Materials/Primitive/fabric_Roughness.png using Guid(319adc7d9f08d654a854fd141a197589) Importer(2089858483,192608db42251d675da83286b1cce702) (ScriptedImporter) -> (artifact id: '918ab37c0957b775bb7ac47131941d1a') in 0.007866791 seconds
Number of updated asset objects reloaded before import = 0Number of asset objects unloaded after import = 1

========================================================================
Received Import Request.
  Time since last request: 0.000035 seconds.
  path: Assets/VRTemplateAssets/Materials/Primitive/Interactables Bouncy.physicMaterial
  artifactKey: Guid(590dbebc6f287b940ac52b3dfea3bfc1) Importer(2089858483,192608db42251d675da83286b1cce702)
Start importing Assets/VRTemplateAssets/Materials/Primitive/Interactables Bouncy.physicMaterial using Guid(590dbebc6f287b940ac52b3dfea3bfc1) Importer(2089858483,192608db42251d675da83286b1cce702) (ScriptedImporter) -> (artifact id: 'a2cac6d7eda3ac1b2ec5a81baadb5097') in 0.003256542 seconds
Number of updated asset objects reloaded before import = 0Number of asset objects unloaded after import = 1

========================================================================
Received Import Request.
  Time since last request: 0.000049 seconds.
  path: Assets/VRTemplateAssets/Materials/Primitive/Interactables 3.mat
  artifactKey: Guid(cf6ddc7949dbe3c4992fd95474f486f6) Importer(2089858483,192608db42251d675da83286b1cce702)
Start importing Assets/VRTemplateAssets/Materials/Primitive/Interactables 3.mat using Guid(cf6ddc7949dbe3c4992fd95474f486f6) Importer(2089858483,192608db42251d675da83286b1cce702) (ScriptedImporter) -> (artifact id: 'ebf2d48e0ee2359e6251166af5df97cf') in 0.005005 seconds
Number of updated asset objects reloaded before import = 0Number of asset objects unloaded after import = 6

========================================================================
Received Import Request.
  Time since last request: 0.000047 seconds.
  path: Assets/VRTemplateAssets/Materials/Primitive/torus_Normal_OpenGL.png
  artifactKey: Guid(61033fc91ee928747a8829f85e481e0b) Importer(2089858483,192608db42251d675da83286b1cce702)
Start importing Assets/VRTemplateAssets/Materials/Primitive/torus_Normal_OpenGL.png using Guid(61033fc91ee928747a8829f85e481e0b) Importer(2089858483,192608db42251d675da83286b1cce702) (ScriptedImporter) -> (artifact id: 'bf77f29fdbaa2c37dbfb1b1fe2a4d9a2') in 0.0072605 seconds
Number of updated asset objects reloaded before import = 0Number of asset objects unloaded after import = 1

========================================================================
Received Import Request.
  Time since last request: 0.000048 seconds.
  path: Assets/VRTemplateAssets/Materials/Locomotion/Angle Indicator.mat
  artifactKey: Guid(8949fdebf89b61548af583f0a1ef05ab) Importer(2089858483,192608db42251d675da83286b1cce702)
Start importing Assets/VRTemplateAssets/Materials/Locomotion/Angle Indicator.mat using Guid(8949fdebf89b61548af583f0a1ef05ab) Importer(2089858483,192608db42251d675da83286b1cce702) (ScriptedImporter) -> (artifact id: '0a19c7136b2ed93550b7f1b11b7c295b') in 0.005111666 seconds
Number of updated asset objects reloaded before import = 0Number of asset objects unloaded after import = 1

========================================================================
Received Import Request.
  Time since last request: 0.000047 seconds.
  path: Assets/VRTemplateAssets/Materials/Skybox/Hub Skybox Blue 2.mat
  artifactKey: Guid(5334f277fcb843944aebc29131d0b5a6) Importer(2089858483,192608db42251d675da83286b1cce702)
Start importing Assets/VRTemplateAssets/Materials/Skybox/Hub Skybox Blue 2.mat using Guid(5334f277fcb843944aebc29131d0b5a6) Importer(2089858483,192608db42251d675da83286b1cce702) (ScriptedImporter) -> (artifact id: '48f7c86ee11e92779a361063931b198d') in 0.00628975 seconds
Number of updated asset objects reloaded before import = 0Number of asset objects unloaded after import = 1

========================================================================
Received Import Request.
  Time since last request: 0.000064 seconds.
  path: Assets/XR/Settings/OpenXRPackageSettings.asset
  artifactKey: Guid(a9a6963505ddf7f4d886008c6dc86122) Importer(2089858483,192608db42251d675da83286b1cce702)
Start importing Assets/XR/Settings/OpenXRPackageSettings.asset using Guid(a9a6963505ddf7f4d886008c6dc86122) Importer(2089858483,192608db42251d675da83286b1cce702) (ScriptedImporter) -> (artifact id: '0d42232dd30b0908ef52f293e7825551') in 0.057423208 seconds
Number of updated asset objects reloaded before import = 0Number of asset objects unloaded after import = 1

========================================================================
Received Import Request.
  Time since last request: 0.000036 seconds.
  path: Assets/VRTemplateAssets/Materials/Primitive/Torus.mat
  artifactKey: Guid(bf6a673a7ceb9fd45968b0283b67b5bf) Importer(2089858483,192608db42251d675da83286b1cce702)
Start importing Assets/VRTemplateAssets/Materials/Primitive/Torus.mat using Guid(bf6a673a7ceb9fd45968b0283b67b5bf) Importer(2089858483,192608db42251d675da83286b1cce702) (ScriptedImporter) -> (artifact id: 'bbaad80ad91123f0b4f212ec7d9bdd69') in 0.0079105 seconds
Number of updated asset objects reloaded before import = 0Number of asset objects unloaded after import = 7

========================================================================
Received Import Request.
  Time since last request: 0.000048 seconds.
  path: Assets/TextMesh Pro/Shaders/TMPro_Mobile.cginc
  artifactKey: Guid(c334973cef89a9840b0b0c507e0377ab) Importer(2089858483,192608db42251d675da83286b1cce702)
Start importing Assets/TextMesh Pro/Shaders/TMPro_Mobile.cginc using Guid(c334973cef89a9840b0b0c507e0377ab) Importer(2089858483,192608db42251d675da83286b1cce702) (ScriptedImporter) -> (artifact id: '618189a397052cd3a08d721287d6d881') in 0.003755125 seconds
Number of updated asset objects reloaded before import = 0Number of asset objects unloaded after import = 1

========================================================================
Received Import Request.
  Time since last request: 0.000049 seconds.
  path: Assets/TextMesh Pro/Resources/Fonts & Materials/LiberationSans SDF - Drop Shadow.mat
  artifactKey: Guid(e73a58f6e2794ae7b1b7e50b7fb811b0) Importer(2089858483,192608db42251d675da83286b1cce702)
Start importing Assets/TextMesh Pro/Resources/Fonts & Materials/LiberationSans SDF - Drop Shadow.mat using Guid(e73a58f6e2794ae7b1b7e50b7fb811b0) Importer(2089858483,192608db42251d675da83286b1cce702) (ScriptedImporter) -> (artifact id: 'f5974d1ec75983be42a630c6058eb8a2') in 0.016504042 seconds
Number of updated asset objects reloaded before import = 0Number of asset objects unloaded after import = 2

========================================================================
Received Import Request.
  Time since last request: 0.000041 seconds.
  path: Assets/VRTemplateAssets/Fonts/Inter/Inter-Regular SDF Overlay Outline Material.mat
  artifactKey: Guid(69cb2ba794a087b4abdf1b00110f8c3b) Importer(2089858483,192608db42251d675da83286b1cce702)
Start importing Assets/VRTemplateAssets/Fonts/Inter/Inter-Regular SDF Overlay Outline Material.mat using Guid(69cb2ba794a087b4abdf1b00110f8c3b) Importer(2089858483,192608db42251d675da83286b1cce702) (ScriptedImporter) -> (artifact id: 'fcf3cdf97a6bd25726b3bc393c9ce2b0') in 0.013075208 seconds
Number of updated asset objects reloaded before import = 0Number of asset objects unloaded after import = 2

========================================================================
Received Import Request.
  Time since last request: 0.000076 seconds.
  path: Assets/VRTemplateAssets/Materials/Primitive/torus_Roughness.png
  artifactKey: Guid(fb131a1c1f4a365408bb20898e26015a) Importer(2089858483,192608db42251d675da83286b1cce702)
Start importing Assets/VRTemplateAssets/Materials/Primitive/torus_Roughness.png using Guid(fb131a1c1f4a365408bb20898e26015a) Importer(2089858483,192608db42251d675da83286b1cce702) (ScriptedImporter) -> (artifact id: '9a5af4ee738fd6d9f4f38876ae674c37') in 0.012559833 seconds
Number of updated asset objects reloaded before import = 0Number of asset objects unloaded after import = 1

========================================================================
Received Import Request.
  Time since last request: 0.000060 seconds.
  path: Assets/TextMesh Pro/Shaders/TMPro.cginc
  artifactKey: Guid(407bc68d299748449bbf7f48ee690f8d) Importer(2089858483,192608db42251d675da83286b1cce702)
Start importing Assets/TextMesh Pro/Shaders/TMPro.cginc using Guid(407bc68d299748449bbf7f48ee690f8d) Importer(2089858483,192608db42251d675da83286b1cce702) (ScriptedImporter) -> (artifact id: '4d43f5abe7fc291c822104768f0b24bb') in 0.003656417 seconds
Number of updated asset objects reloaded before import = 0Number of asset objects unloaded after import = 1

========================================================================
Received Import Request.
  Time since last request: 0.000049 seconds.
  path: Assets/VRTemplateAssets/Materials/Environment/Frosted_Glass_Pattern_AlbedoTransparency.png
  artifactKey: Guid(ec39cf1992b67944dbbaeb7f183de318) Importer(2089858483,192608db42251d675da83286b1cce702)
Start importing Assets/VRTemplateAssets/Materials/Environment/Frosted_Glass_Pattern_AlbedoTransparency.png using Guid(ec39cf1992b67944dbbaeb7f183de318) Importer(2089858483,192608db42251d675da83286b1cce702) (ScriptedImporter) -> (artifact id: '1517ccec62801bf23b987ddad4578be4') in 0.010602208 seconds
Number of updated asset objects reloaded before import = 0Number of asset objects unloaded after import = 1

========================================================================
Received Import Request.
  Time since last request: 0.000117 seconds.
  path: Assets/VRTemplateAssets/Materials/Particles/ConfettiParticles.mat
  artifactKey: Guid(456e2158124c0aa40bf9eceb850dfdb4) Importer(2089858483,192608db42251d675da83286b1cce702)
Start importing Assets/VRTemplateAssets/Materials/Particles/ConfettiParticles.mat using Guid(456e2158124c0aa40bf9eceb850dfdb4) Importer(2089858483,192608db42251d675da83286b1cce702) (ScriptedImporter) -> (artifact id: '9790e6d570a0f5594707e3827a065d1c') in 0.004910542 seconds
Number of updated asset objects reloaded before import = 0Number of asset objects unloaded after import = 1

========================================================================
Received Import Request.
  Time since last request: 0.000046 seconds.
  path: Assets/VRTemplateAssets/Audio/Button_22_click.wav
  artifactKey: Guid(d14b106713a74b448bcab90869f1706e) Importer(2089858483,192608db42251d675da83286b1cce702)
Start importing Assets/VRTemplateAssets/Audio/Button_22_click.wav using Guid(d14b106713a74b448bcab90869f1706e) Importer(2089858483,192608db42251d675da83286b1cce702) (ScriptedImporter) -> (artifact id: 'd0039dbdc2e602279d0bb51a5052426c') in 0.019266458 seconds
Number of updated asset objects reloaded before import = 0Number of asset objects unloaded after import = 1

========================================================================
Received Import Request.
  Time since last request: 0.000036 seconds.
  path: Assets/VRTemplateAssets/Models/Environment/Arrows.fbx
  artifactKey: Guid(a8211a3e0e87d014e8326e23ae022d39) Importer(2089858483,192608db42251d675da83286b1cce702)
Start importing Assets/VRTemplateAssets/Models/Environment/Arrows.fbx using Guid(a8211a3e0e87d014e8326e23ae022d39) Importer(2089858483,192608db42251d675da83286b1cce702) (ScriptedImporter) -> (artifact id: 'b330f4230f70c843b8a43ecc21c0e399') in 0.024771833 seconds
Number of updated asset objects reloaded before import = 0Number of asset objects unloaded after import = 15

========================================================================
Received Import Request.
  Time since last request: 0.000053 seconds.
  path: Assets/VRTemplateAssets/Materials/UI/torus_cursorShape.png
  artifactKey: Guid(8f956ef5b213a174e8ff93ecfd35f269) Importer(2089858483,192608db42251d675da83286b1cce702)
Start importing Assets/VRTemplateAssets/Materials/UI/torus_cursorShape.png using Guid(8f956ef5b213a174e8ff93ecfd35f269) Importer(2089858483,192608db42251d675da83286b1cce702) (ScriptedImporter) -> (artifact id: '853c29c689cd8460aa5bae3907ee1d55') in 0.00819575 seconds
Number of updated asset objects reloaded before import = 0Number of asset objects unloaded after import = 1

========================================================================
Received Import Request.
  Time since last request: 0.000070 seconds.
  path: Assets/VRTemplateAssets/Models/Controllers/UniversalController.fbx
  artifactKey: Guid(72af14b56f398804bbcbc04b48efce81) Importer(2089858483,192608db42251d675da83286b1cce702)
Start importing Assets/VRTemplateAssets/Models/Controllers/UniversalController.fbx using Guid(72af14b56f398804bbcbc04b48efce81) Importer(2089858483,192608db42251d675da83286b1cce702) (ScriptedImporter) -> (artifact id: 'da803bfb711c0ff5c7509e1e27710754') in 0.036971792 seconds
Number of updated asset objects reloaded before import = 0Number of asset objects unloaded after import = 51

========================================================================
Received Import Request.
  Time since last request: 0.000064 seconds.
  path: Assets/VRTemplateAssets/Models/Anchor/AnchorFadeScale.anim
  artifactKey: Guid(7f09ae8868245cf41bcc21258a951f22) Importer(2089858483,192608db42251d675da83286b1cce702)
Start importing Assets/VRTemplateAssets/Models/Anchor/AnchorFadeScale.anim using Guid(7f09ae8868245cf41bcc21258a951f22) Importer(2089858483,192608db42251d675da83286b1cce702) (ScriptedImporter) -> (artifact id: 'ff6aaa5f049e6cacb5f117927cafbc43') in 0.041068791 seconds
Number of updated asset objects reloaded before import = 0Number of asset objects unloaded after import = 1

========================================================================
Received Import Request.
  Time since last request: 0.000055 seconds.
  path: Assets/VRTemplateAssets/Models/Marks/Marks.fbx
  artifactKey: Guid(47f3b271b50f14d4fbc351a0104e9d46) Importer(2089858483,192608db42251d675da83286b1cce702)
Start importing Assets/VRTemplateAssets/Models/Marks/Marks.fbx using Guid(47f3b271b50f14d4fbc351a0104e9d46) Importer(2089858483,192608db42251d675da83286b1cce702) (ScriptedImporter) -> (artifact id: '0d2128942eb1e63f7073139ef10d6e83') in 0.030339667 seconds
Number of updated asset objects reloaded before import = 0Number of asset objects unloaded after import = 211

========================================================================
Received Import Request.
  Time since last request: 0.000064 seconds.
  path: Assets/VRTemplateAssets/Prefabs/Blaster/Confetti.prefab
  artifactKey: Guid(a24db55e1f9277f459f8a602b53a9bb0) Importer(2089858483,192608db42251d675da83286b1cce702)
Start importing Assets/VRTemplateAssets/Prefabs/Blaster/Confetti.prefab using Guid(a24db55e1f9277f459f8a602b53a9bb0) Importer(2089858483,192608db42251d675da83286b1cce702) (ScriptedImporter) -> (artifact id: '026bbe29c004774dff49f77c4edfd26e') in 0.090845958 seconds
Number of updated asset objects reloaded before import = 0Number of asset objects unloaded after import = 9

========================================================================
Received Import Request.
  Time since last request: 0.000056 seconds.
  path: Assets/VRTemplateAssets/Models/Anchor/AnchorArrow.fbx
  artifactKey: Guid(076cbf182a14247409a7a269d753df65) Importer(2089858483,192608db42251d675da83286b1cce702)
Start importing Assets/VRTemplateAssets/Models/Anchor/AnchorArrow.fbx using Guid(076cbf182a14247409a7a269d753df65) Importer(2089858483,192608db42251d675da83286b1cce702) (ScriptedImporter) -> (artifact id: 'a4bd14640940e2748e63206bfa3e81ec') in 0.012363667 seconds
Number of updated asset objects reloaded before import = 0Number of asset objects unloaded after import = 8

========================================================================
Received Import Request.
  Time since last request: 0.000054 seconds.
  path: Assets/VRTemplateAssets/Materials/UI/VideoTexture.mat
  artifactKey: Guid(21b7c0feceb2bd14d96ca4c49a2a776b) Importer(2089858483,192608db42251d675da83286b1cce702)
Start importing Assets/VRTemplateAssets/Materials/UI/VideoTexture.mat using Guid(21b7c0feceb2bd14d96ca4c49a2a776b) Importer(2089858483,192608db42251d675da83286b1cce702) (ScriptedImporter) -> (artifact id: 'a8d2a94ed5e11ca0905f365bddc1c7ab') in 0.004075083 seconds
Number of updated asset objects reloaded before import = 0Number of asset objects unloaded after import = 1

========================================================================
Received Import Request.
  Time since last request: 0.000055 seconds.
  path: Assets/VRTemplateAssets/Materials/Locomotion/BlinkOcclusionPass.mat
  artifactKey: Guid(001bdd73657b0304fa8db289f612d45b) Importer(2089858483,192608db42251d675da83286b1cce702)
Start importing Assets/VRTemplateAssets/Materials/Locomotion/BlinkOcclusionPass.mat using Guid(001bdd73657b0304fa8db289f612d45b) Importer(2089858483,192608db42251d675da83286b1cce702) (ScriptedImporter) -> (artifact id: '1bda9272afb8fcaefaeadc9a25f568c8') in 0.006828333 seconds
Number of updated asset objects reloaded before import = 0Number of asset objects unloaded after import = 2

========================================================================
Received Import Request.
  Time since last request: 0.000048 seconds.
  path: Assets/VRTemplateAssets/Materials/Primitive/Green.mat
  artifactKey: Guid(c4fad0f5843a8fc4f8488ab522a78684) Importer(2089858483,192608db42251d675da83286b1cce702)
Start importing Assets/VRTemplateAssets/Materials/Primitive/Green.mat using Guid(c4fad0f5843a8fc4f8488ab522a78684) Importer(2089858483,192608db42251d675da83286b1cce702) (ScriptedImporter) -> (artifact id: '67ef16c9f31c0d4ab080d64ff6db5e6a') in 0.006445834 seconds
Number of updated asset objects reloaded before import = 0Number of asset objects unloaded after import = 3

========================================================================
Received Import Request.
  Time since last request: 0.000048 seconds.
  path: Assets/VRTemplateAssets/Models/Environment/Totem2.fbx
  artifactKey: Guid(cec1aebf75b74914097378398b58a48e) Importer(2089858483,192608db42251d675da83286b1cce702)
Start importing Assets/VRTemplateAssets/Models/Environment/Totem2.fbx using Guid(cec1aebf75b74914097378398b58a48e) Importer(2089858483,192608db42251d675da83286b1cce702) (ScriptedImporter) -> (artifact id: '1fe8291a9929f9b5facb21933e1f5623') in 0.012043625 seconds
Number of updated asset objects reloaded before import = 0Number of asset objects unloaded after import = 23

========================================================================
Received Import Request.
  Time since last request: 0.000044 seconds.
  path: Assets/VRTemplateAssets/Tutorial/VRTutorialWelcomePage.asset
  artifactKey: Guid(3bf5c60804f704e11826afa05a7e2152) Importer(2089858483,192608db42251d675da83286b1cce702)
Start importing Assets/VRTemplateAssets/Tutorial/VRTutorialWelcomePage.asset using Guid(3bf5c60804f704e11826afa05a7e2152) Importer(2089858483,192608db42251d675da83286b1cce702) (ScriptedImporter) -> (artifact id: '818556dc298e1ede90d15ab0d56303d1') in 0.010425125 seconds
Number of updated asset objects reloaded before import = 0Number of asset objects unloaded after import = 2

========================================================================
Received Import Request.
  Time since last request: 0.000048 seconds.
  path: Assets/VRTemplateAssets/Prefabs/Teleport/Teleport Anchor.prefab
  artifactKey: Guid(c4a645c929982ea41a52b5037ee7d94d) Importer(2089858483,192608db42251d675da83286b1cce702)
Start importing Assets/VRTemplateAssets/Prefabs/Teleport/Teleport Anchor.prefab using Guid(c4a645c929982ea41a52b5037ee7d94d) Importer(2089858483,192608db42251d675da83286b1cce702) (ScriptedImporter) -> (artifact id: '961ac4b5cbcbd3184f13998d67e083cc') in 0.035807542 seconds
Number of updated asset objects reloaded before import = 0Number of asset objects unloaded after import = 61

========================================================================
Received Import Request.
  Time since last request: 0.000036 seconds.
  path: Assets/VRTemplateAssets/Prefabs/Interactables/Rotating Torus.prefab
  artifactKey: Guid(29529d949c965f643befe6cfcd1e372c) Importer(2089858483,192608db42251d675da83286b1cce702)
Start importing Assets/VRTemplateAssets/Prefabs/Interactables/Rotating Torus.prefab using Guid(29529d949c965f643befe6cfcd1e372c) Importer(2089858483,192608db42251d675da83286b1cce702) (ScriptedImporter) -> (artifact id: '20512aba27afe4831221c81020ff93e6') in 0.012164583 seconds
Number of updated asset objects reloaded before import = 0Number of asset objects unloaded after import = 29

========================================================================
Received Import Request.
  Time since last request: 0.000050 seconds.
  path: Assets/VRTemplateAssets/Prefabs/Interactables/Blaster Variant.prefab
  artifactKey: Guid(ecbf6d1d3a7091b4bbdbc934b3c89fb9) Importer(2089858483,192608db42251d675da83286b1cce702)
Start importing Assets/VRTemplateAssets/Prefabs/Interactables/Blaster Variant.prefab using Guid(ecbf6d1d3a7091b4bbdbc934b3c89fb9) Importer(2089858483,192608db42251d675da83286b1cce702) (ScriptedImporter) -> (artifact id: '11d97903eafab968f0df689b29384ad6') in 0.023405458 seconds
Number of updated asset objects reloaded before import = 0Number of asset objects unloaded after import = 55

========================================================================
Received Import Request.
  Time since last request: 0.000038 seconds.
  path: Assets/VRTemplateAssets/Prefabs/TutorialPlayer/Tutorial Player.prefab
  artifactKey: Guid(dc067c577ec1b854684d789b6e727cc0) Importer(2089858483,192608db42251d675da83286b1cce702)
Start importing Assets/VRTemplateAssets/Prefabs/TutorialPlayer/Tutorial Player.prefab using Guid(dc067c577ec1b854684d789b6e727cc0) Importer(2089858483,192608db42251d675da83286b1cce702) (ScriptedImporter) -> (artifact id: '0af0480f2daba98933c7e477a1f12e19') in 0.037295584 seconds
Number of updated asset objects reloaded before import = 0Number of asset objects unloaded after import = 91

========================================================================
Received Import Request.
  Time since last request: 0.000049 seconds.
  path: Assets/VRTemplateAssets/Prefabs/UI/List Item Slider.prefab
  artifactKey: Guid(41d89b59fe3e9964a83686ff24b7d0c5) Importer(2089858483,192608db42251d675da83286b1cce702)
Start importing Assets/VRTemplateAssets/Prefabs/UI/List Item Slider.prefab using Guid(41d89b59fe3e9964a83686ff24b7d0c5) Importer(2089858483,192608db42251d675da83286b1cce702) (ScriptedImporter) -> (artifact id: '14df8906345578d2724b3280259cd0fd') in 0.0121895 seconds
Number of updated asset objects reloaded before import = 0Number of asset objects unloaded after import = 47

========================================================================
Received Import Request.
  Time since last request: 0.000060 seconds.
  path: Assets/VRTemplateAssets/Sprites/CoachingCards/Coaching Step 6.png
  artifactKey: Guid(7e45b5b7749d93e4baa70a7908635dcc) Importer(2089858483,192608db42251d675da83286b1cce702)
Start importing Assets/VRTemplateAssets/Sprites/CoachingCards/Coaching Step 6.png using Guid(7e45b5b7749d93e4baa70a7908635dcc) Importer(2089858483,192608db42251d675da83286b1cce702) (ScriptedImporter) -> (artifact id: '4add898e53a181308f39ec25aceeb65b') in 0.011361583 seconds
Number of updated asset objects reloaded before import = 0Number of asset objects unloaded after import = 3

========================================================================
Received Import Request.
  Time since last request: 0.000066 seconds.
  path: Assets/VRTemplateAssets/Prefabs/Interactables/Sphere Interactable.prefab
  artifactKey: Guid(753505d367f39d04c8ef944e9491a149) Importer(2089858483,192608db42251d675da83286b1cce702)
Start importing Assets/VRTemplateAssets/Prefabs/Interactables/Sphere Interactable.prefab using Guid(753505d367f39d04c8ef944e9491a149) Importer(2089858483,192608db42251d675da83286b1cce702) (ScriptedImporter) -> (artifact id: '53fe721d4f55c881c452ef44cd840b13') in 0.020438667 seconds
Number of updated asset objects reloaded before import = 0Number of asset objects unloaded after import = 28

========================================================================
Received Import Request.
  Time since last request: 0.000060 seconds.
  path: Assets/VRTemplateAssets/Prefabs/Interactables/Totem1 Variant.prefab
  artifactKey: Guid(e912fbd5396dace4dbdffbc8b79a6c14) Importer(2089858483,192608db42251d675da83286b1cce702)
Start importing Assets/VRTemplateAssets/Prefabs/Interactables/Totem1 Variant.prefab using Guid(e912fbd5396dace4dbdffbc8b79a6c14) Importer(2089858483,192608db42251d675da83286b1cce702) (ScriptedImporter) -> (artifact id: '1ba114910a7b6d36eb592de995b23237') in 0.006631666 seconds
Number of updated asset objects reloaded before import = 0Number of asset objects unloaded after import = 67

========================================================================
Received Import Request.
  Time since last request: 0.000050 seconds.
  path: Assets/VRTemplateAssets/Prefabs/Interactables/Torus Interactable Variant.prefab
  artifactKey: Guid(3d032f5481d2826478451895128a76f4) Importer(2089858483,192608db42251d675da83286b1cce702)
Start importing Assets/VRTemplateAssets/Prefabs/Interactables/Torus Interactable Variant.prefab using Guid(3d032f5481d2826478451895128a76f4) Importer(2089858483,192608db42251d675da83286b1cce702) (ScriptedImporter) -> (artifact id: '790e19c4c3f8aaec9851a4ff37d37ba8') in 0.016763166 seconds
Number of updated asset objects reloaded before import = 0Number of asset objects unloaded after import = 35

========================================================================
Received Import Request.
  Time since last request: 0.000048 seconds.
  path: Assets/VRTemplateAssets/Sprites/CoachingCards/Coaching Step 3.png
  artifactKey: Guid(a89d91b09ecb0164ab9d892915bfa299) Importer(2089858483,192608db42251d675da83286b1cce702)
Start importing Assets/VRTemplateAssets/Sprites/CoachingCards/Coaching Step 3.png using Guid(a89d91b09ecb0164ab9d892915bfa299) Importer(2089858483,192608db42251d675da83286b1cce702) (ScriptedImporter) -> (artifact id: '3edf8b2d79f1610f1effc425bf89833c') in 0.0081735 seconds
Number of updated asset objects reloaded before import = 0Number of asset objects unloaded after import = 3

========================================================================
Received Import Request.
  Time since last request: 0.000048 seconds.
  path: Assets/VRTemplateAssets/Prefabs/Interactables/Tapered Interactable Variant.prefab
  artifactKey: Guid(c18c2334d0f5bb94cbb090401535d577) Importer(2089858483,192608db42251d675da83286b1cce702)
Start importing Assets/VRTemplateAssets/Prefabs/Interactables/Tapered Interactable Variant.prefab using Guid(c18c2334d0f5bb94cbb090401535d577) Importer(2089858483,192608db42251d675da83286b1cce702) (ScriptedImporter) -> (artifact id: '7f76b845d1086d08edde08cac9067381') in 0.018367916 seconds
Number of updated asset objects reloaded before import = 0Number of asset objects unloaded after import = 34

========================================================================
Received Import Request.
  Time since last request: 0.000053 seconds.
  path: Assets/VRTemplateAssets/Prefabs/UI/List Item Toggle.prefab
  artifactKey: Guid(e1f0d4bc2d67ddb4295e73f51f3ca4f7) Importer(2089858483,192608db42251d675da83286b1cce702)
Start importing Assets/VRTemplateAssets/Prefabs/UI/List Item Toggle.prefab using Guid(e1f0d4bc2d67ddb4295e73f51f3ca4f7) Importer(2089858483,192608db42251d675da83286b1cce702) (ScriptedImporter) -> (artifact id: 'a6db5789fe9d195a34c6b6ce3e42e173') in 0.0119805 seconds
Number of updated asset objects reloaded before import = 0Number of asset objects unloaded after import = 39

========================================================================
Received Import Request.
  Time since last request: 0.000051 seconds.
  path: Assets/VRTemplateAssets/Prefabs/UI/List Item Dropdown.prefab
  artifactKey: Guid(f47ad6ac315a3ea428b59e2cac6f2a2e) Importer(2089858483,192608db42251d675da83286b1cce702)
Start importing Assets/VRTemplateAssets/Prefabs/UI/List Item Dropdown.prefab using Guid(f47ad6ac315a3ea428b59e2cac6f2a2e) Importer(2089858483,192608db42251d675da83286b1cce702) (ScriptedImporter) -> (artifact id: '0f1ea40f65abdb6951c9cac379ab71c4') in 0.012949791 seconds
Number of updated asset objects reloaded before import = 0Number of asset objects unloaded after import = 78

========================================================================
Received Import Request.
  Time since last request: 0.000032 seconds.
  path: Assets/VRTemplateAssets/Materials/Environment/Dark Green.mat
  artifactKey: Guid(d2fd0fd7f230ce14d89e18fb555b7469) Importer(2089858483,192608db42251d675da83286b1cce702)
Start importing Assets/VRTemplateAssets/Materials/Environment/Dark Green.mat using Guid(d2fd0fd7f230ce14d89e18fb555b7469) Importer(2089858483,192608db42251d675da83286b1cce702) (ScriptedImporter) -> (artifact id: '6c1cfc963d9d8481d27ede3d67ca5c73') in 0.006101042 seconds
Number of updated asset objects reloaded before import = 0Number of asset objects unloaded after import = 3

========================================================================
Received Import Request.
  Time since last request: 0.000048 seconds.
  path: Assets/VRTemplateAssets/Materials/Environment/wall_Normal_OpenGL.png
  artifactKey: Guid(6b3a9ec2867d0ad40ab1b8aae579267a) Importer(2089858483,192608db42251d675da83286b1cce702)
Start importing Assets/VRTemplateAssets/Materials/Environment/wall_Normal_OpenGL.png using Guid(6b3a9ec2867d0ad40ab1b8aae579267a) Importer(2089858483,192608db42251d675da83286b1cce702) (ScriptedImporter) -> (artifact id: 'f2805243f604c2cbbbf7deba2078a998') in 0.017050167 seconds
Number of updated asset objects reloaded before import = 0Number of asset objects unloaded after import = 1

========================================================================
Received Import Request.
  Time since last request: 0.000054 seconds.
  path: Assets/VRTemplateAssets/Sprites/Icons/Pause.png
  artifactKey: Guid(5f4d26dedc364e74d880a7125d57119c) Importer(2089858483,192608db42251d675da83286b1cce702)
Start importing Assets/VRTemplateAssets/Sprites/Icons/Pause.png using Guid(5f4d26dedc364e74d880a7125d57119c) Importer(2089858483,192608db42251d675da83286b1cce702) (ScriptedImporter) -> (artifact id: 'b47183de86d738557e9eaddd5c228e2b') in 0.009994292 seconds
Number of updated asset objects reloaded before import = 0Number of asset objects unloaded after import = 3

========================================================================
Received Import Request.
  Time since last request: 0.000044 seconds.
  path: Assets/XRI/Settings/Resources/XRDeviceSimulatorSettings.asset
  artifactKey: Guid(ecaaf479f05451c4e8e9bde3dfb67e4a) Importer(2089858483,192608db42251d675da83286b1cce702)
Start importing Assets/XRI/Settings/Resources/XRDeviceSimulatorSettings.asset using Guid(ecaaf479f05451c4e8e9bde3dfb67e4a) Importer(2089858483,192608db42251d675da83286b1cce702) (ScriptedImporter) -> (artifact id: 'd9b970fa0524ef27f1fe7fbd0395269c') in 0.011698 seconds
Number of updated asset objects reloaded before import = 0Number of asset objects unloaded after import = 1

========================================================================
Received Import Request.
  Time since last request: 0.000046 seconds.
  path: Assets/VRTemplateAssets/Tutorial/Images/project-header-vr.png
  artifactKey: Guid(6eaf09dd6cc8a49708bf60691e32bebf) Importer(2089858483,192608db42251d675da83286b1cce702)
Start importing Assets/VRTemplateAssets/Tutorial/Images/project-header-vr.png using Guid(6eaf09dd6cc8a49708bf60691e32bebf) Importer(2089858483,192608db42251d675da83286b1cce702) (ScriptedImporter) -> (artifact id: '9ead9459f053817946ddf4563c46f232') in 0.008722083 seconds
Number of updated asset objects reloaded before import = 0Number of asset objects unloaded after import = 1

========================================================================
Received Import Request.
  Time since last request: 0.000052 seconds.
  path: Assets/VRTemplateAssets/Sprites/UI/Circle_60x60 Outline.png
  artifactKey: Guid(7edfa9a28dcc4584ba5194e74c74f93c) Importer(2089858483,192608db42251d675da83286b1cce702)
Start importing Assets/VRTemplateAssets/Sprites/UI/Circle_60x60 Outline.png using Guid(7edfa9a28dcc4584ba5194e74c74f93c) Importer(2089858483,192608db42251d675da83286b1cce702) (ScriptedImporter) -> (artifact id: '8698f9539c05a337cc977d526787c83a') in 0.013112666 seconds
Number of updated asset objects reloaded before import = 0Number of asset objects unloaded after import = 3

========================================================================
Received Import Request.
  Time since last request: 0.000048 seconds.
  path: Assets/VRTemplateAssets/Sprites/UI/Round Radius 10.png
  artifactKey: Guid(65d31ca9600c4654e886aa7bab36e94b) Importer(2089858483,192608db42251d675da83286b1cce702)
Start importing Assets/VRTemplateAssets/Sprites/UI/Round Radius 10.png using Guid(65d31ca9600c4654e886aa7bab36e94b) Importer(2089858483,192608db42251d675da83286b1cce702) (ScriptedImporter) -> (artifact id: 'e48b5f4e237d1f0ec3a350d4e14699e0') in 0.007996833 seconds
Number of updated asset objects reloaded before import = 0Number of asset objects unloaded after import = 3

========================================================================
Received Import Request.
  Time since last request: 0.000049 seconds.
  path: Assets/XRI/Settings/Resources/InteractionLayerSettings.asset
  artifactKey: Guid(a111ee21f5eb31840bdc200167fc868b) Importer(2089858483,192608db42251d675da83286b1cce702)
Start importing Assets/XRI/Settings/Resources/InteractionLayerSettings.asset using Guid(a111ee21f5eb31840bdc200167fc868b) Importer(2089858483,192608db42251d675da83286b1cce702) (ScriptedImporter) -> (artifact id: '053538be75ed2797ed5dc713c893ef2c') in 0.005473167 seconds
Number of updated asset objects reloaded before import = 0Number of asset objects unloaded after import = 1

========================================================================
Received Import Request.
  Time since last request: 0.000044 seconds.
  path: Assets/VRTemplateAssets/Sprites/UI/Joystick Segment.png
  artifactKey: Guid(54baed6400621ff4b8670b6116af054e) Importer(2089858483,192608db42251d675da83286b1cce702)
Start importing Assets/VRTemplateAssets/Sprites/UI/Joystick Segment.png using Guid(54baed6400621ff4b8670b6116af054e) Importer(2089858483,192608db42251d675da83286b1cce702) (ScriptedImporter) -> (artifact id: '2a18cfd76e64e05403f4a549cc0cd38d') in 0.015645458 seconds
Number of updated asset objects reloaded before import = 0Number of asset objects unloaded after import = 3

========================================================================
Received Import Request.
  Time since last request: 0.000055 seconds.
  path: Assets/VRTemplateAssets/Sprites/UI/Joystick BG.png
  artifactKey: Guid(9fe4f9eb838ecb4419917ae68007ca2d) Importer(2089858483,192608db42251d675da83286b1cce702)
Start importing Assets/VRTemplateAssets/Sprites/UI/Joystick BG.png using Guid(9fe4f9eb838ecb4419917ae68007ca2d) Importer(2089858483,192608db42251d675da83286b1cce702) (ScriptedImporter) -> (artifact id: '05cce760899f0f98135991ce07505f34') in 0.011886792 seconds
Number of updated asset objects reloaded before import = 0Number of asset objects unloaded after import = 3

========================================================================
Received Import Request.
  Time since last request: 0.000036 seconds.
  path: Assets/VRTemplateAssets/Sprites/UI/Circle_60x60 Outline 4.png
  artifactKey: Guid(ac11a0f708f466246a121e038d4b6755) Importer(2089858483,192608db42251d675da83286b1cce702)
Start importing Assets/VRTemplateAssets/Sprites/UI/Circle_60x60 Outline 4.png using Guid(ac11a0f708f466246a121e038d4b6755) Importer(2089858483,192608db42251d675da83286b1cce702) (ScriptedImporter) -> (artifact id: 'd046fcaea416f7fe7479b529db8f26e1') in 0.019213042 seconds
Number of updated asset objects reloaded before import = 0Number of asset objects unloaded after import = 3

========================================================================
Received Import Request.
  Time since last request: 0.000038 seconds.
  path: Assets/VRTemplateAssets/Models/Environment/Torus Cut.fbx
  artifactKey: Guid(4ed41858240845b479082276b0831228) Importer(2089858483,192608db42251d675da83286b1cce702)
Start importing Assets/VRTemplateAssets/Models/Environment/Torus Cut.fbx using Guid(4ed41858240845b479082276b0831228) Importer(2089858483,192608db42251d675da83286b1cce702) (ScriptedImporter) -> (artifact id: '74a3aabe678351228632604605ec74e6') in 0.008610625 seconds
Number of updated asset objects reloaded before import = 0Number of asset objects unloaded after import = 8

========================================================================
Received Import Request.
  Time since last request: 0.000046 seconds.
  path: Assets/VRTemplateAssets/Materials/Environment/wall_Normal.png
  artifactKey: Guid(466f65e6eb97c444181b23438d7b2757) Importer(2089858483,192608db42251d675da83286b1cce702)
Start importing Assets/VRTemplateAssets/Materials/Environment/wall_Normal.png using Guid(466f65e6eb97c444181b23438d7b2757) Importer(2089858483,192608db42251d675da83286b1cce702) (ScriptedImporter) -> (artifact id: '1b85df866db0e152c7e2df8ce826aba7') in 0.014681417 seconds
Number of updated asset objects reloaded before import = 0Number of asset objects unloaded after import = 1

========================================================================
Received Import Request.
  Time since last request: 0.000106 seconds.
  path: Assets/Settings/Project Configuration/Standalone Preset.asset
  artifactKey: Guid(b4712bf26326e8a4286df35b4a6d2b19) Importer(2089858483,192608db42251d675da83286b1cce702)
Start importing Assets/Settings/Project Configuration/Standalone Preset.asset using Guid(b4712bf26326e8a4286df35b4a6d2b19) Importer(2089858483,192608db42251d675da83286b1cce702) (ScriptedImporter) -> (artifact id: '5b07d1dd467cf2dd2a00e4a2c88e75fc') in 0.034755666 seconds
Number of updated asset objects reloaded before import = 0Number of asset objects unloaded after import = 46

========================================================================
Received Import Request.
  Time since last request: 0.000044 seconds.
  path: Assets/VRTemplateAssets/Materials/Primitive/fabric_Normal.png
  artifactKey: Guid(9d8f4347f4a7fca4da366badc483a84c) Importer(2089858483,192608db42251d675da83286b1cce702)
Start importing Assets/VRTemplateAssets/Materials/Primitive/fabric_Normal.png using Guid(9d8f4347f4a7fca4da366badc483a84c) Importer(2089858483,192608db42251d675da83286b1cce702) (ScriptedImporter) -> (artifact id: '9cf30e163111c79c442690116f33eaf3') in 0.018398292 seconds
Number of updated asset objects reloaded before import = 0Number of asset objects unloaded after import = 1

========================================================================
Received Import Request.
  Time since last request: 0.000059 seconds.
  path: Assets/TextMesh Pro/Shaders/TMP_SDF-URP Unlit.shadergraph
  artifactKey: Guid(124c112a6e8f1a54e8b0870e881b56d8) Importer(2089858483,192608db42251d675da83286b1cce702)
Start importing Assets/TextMesh Pro/Shaders/TMP_SDF-URP Unlit.shadergraph using Guid(124c112a6e8f1a54e8b0870e881b56d8) Importer(2089858483,192608db42251d675da83286b1cce702) (ScriptedImporter) -> (artifact id: '0b5b34b41f0aa178363d39f9670626b4') in 0.022081542 seconds
Number of updated asset objects reloaded before import = 0Number of asset objects unloaded after import = 4

========================================================================
Received Import Request.
  Time since last request: 0.000045 seconds.
  path: Assets/TextMesh Pro/Resources/Sprite Assets/InlineIcons.png
  artifactKey: Guid(215687feeab0b7445b4a1cd86c82c2e1) Importer(2089858483,192608db42251d675da83286b1cce702)
Start importing Assets/TextMesh Pro/Resources/Sprite Assets/InlineIcons.png using Guid(215687feeab0b7445b4a1cd86c82c2e1) Importer(2089858483,192608db42251d675da83286b1cce702) (ScriptedImporter) -> (artifact id: 'ea5a3a0eb91d3cf5071daa1523ec30a4') in 0.236911917 seconds
Number of updated asset objects reloaded before import = 0Number of asset objects unloaded after import = 207

========================================================================
Received Import Request.
  Time since last request: 0.000058 seconds.
  path: Assets/Samples/XR Hands/1.5.0/HandVisualizer/Scripts/JointVisualizer.cs
  artifactKey: Guid(6e1c395ff62a3a14dbeb293298bb46bf) Importer(2089858483,192608db42251d675da83286b1cce702)
Start importing Assets/Samples/XR Hands/1.5.0/HandVisualizer/Scripts/JointVisualizer.cs using Guid(6e1c395ff62a3a14dbeb293298bb46bf) Importer(2089858483,192608db42251d675da83286b1cce702) (ScriptedImporter) -> (artifact id: '5486f4c460ac9b91bd27f338fc68a384') in 0.008887834 seconds
Number of updated asset objects reloaded before import = 0Number of asset objects unloaded after import = 0

========================================================================
Received Import Request.
  Time since last request: 0.000089 seconds.
  path: Assets/Samples/XR Interaction Toolkit/3.0.7/Hands Interaction Demo/AffordanceThemes/PinchPointUniformScaleScale.asset
  artifactKey: Guid(d22e48f34794ab9498d082f9713c2293) Importer(2089858483,192608db42251d675da83286b1cce702)
Start importing Assets/Samples/XR Interaction Toolkit/3.0.7/Hands Interaction Demo/AffordanceThemes/PinchPointUniformScaleScale.asset using Guid(d22e48f34794ab9498d082f9713c2293) Importer(2089858483,192608db42251d675da83286b1cce702) (ScriptedImporter) -> (artifact id: '30eba31b11515e82c905cc356a7b9f4e') in 0.007318917 seconds
Number of updated asset objects reloaded before import = 0Number of asset objects unloaded after import = 1

========================================================================
Received Import Request.
  Time since last request: 0.000058 seconds.
  path: Assets/Samples/XR Hands/1.5.0/HandVisualizer/Materials/HandsDefaultMaterial.mat
  artifactKey: Guid(613690cd962241049a0ec289a6ff835e) Importer(2089858483,192608db42251d675da83286b1cce702)
Start importing Assets/Samples/XR Hands/1.5.0/HandVisualizer/Materials/HandsDefaultMaterial.mat using Guid(613690cd962241049a0ec289a6ff835e) Importer(2089858483,192608db42251d675da83286b1cce702) (ScriptedImporter) -> (artifact id: '3e1d1dd48d3dbfaf3e7fe45169bb1395') in 0.034219292 seconds
Number of updated asset objects reloaded before import = 0Number of asset objects unloaded after import = 1

========================================================================
Received Import Request.
  Time since last request: 0.000054 seconds.
  path: Assets/Samples/XR Hands/1.5.0/HandVisualizer/Materials/White.mat
  artifactKey: Guid(c3474c208278e814cb8d1c29aa806e81) Importer(2089858483,192608db42251d675da83286b1cce702)
Start importing Assets/Samples/XR Hands/1.5.0/HandVisualizer/Materials/White.mat using Guid(c3474c208278e814cb8d1c29aa806e81) Importer(2089858483,192608db42251d675da83286b1cce702) (ScriptedImporter) -> (artifact id: 'a0f68b7f0a2dfed9f3267ccb2ccdc0cd') in 0.003656417 seconds
Number of updated asset objects reloaded before import = 0Number of asset objects unloaded after import = 1

========================================================================
Received Import Request.
  Time since last request: 0.000058 seconds.
  path: Assets/Samples/XR Interaction Toolkit/3.0.7/Hands Interaction Demo/AffordanceThemes/InteractionColor.asset
  artifactKey: Guid(2447c2ae63ed301429bb0f32f88ef8ce) Importer(2089858483,192608db42251d675da83286b1cce702)
Start importing Assets/Samples/XR Interaction Toolkit/3.0.7/Hands Interaction Demo/AffordanceThemes/InteractionColor.asset using Guid(2447c2ae63ed301429bb0f32f88ef8ce) Importer(2089858483,192608db42251d675da83286b1cce702) (ScriptedImporter) -> (artifact id: 'afdd32a2c47c13b28ecf3eef324448b9') in 0.004181875 seconds
Number of updated asset objects reloaded before import = 0Number of asset objects unloaded after import = 1

========================================================================
Received Import Request.
  Time since last request: 0.000054 seconds.
  path: Assets/Samples/XR Interaction Toolkit/3.0.7/Hands Interaction Demo/AffordanceThemes/PinchPointEdgeStrength.asset
  artifactKey: Guid(2d9d4878bfb037248af1d243a0638dd0) Importer(2089858483,192608db42251d675da83286b1cce702)
Start importing Assets/Samples/XR Interaction Toolkit/3.0.7/Hands Interaction Demo/AffordanceThemes/PinchPointEdgeStrength.asset using Guid(2d9d4878bfb037248af1d243a0638dd0) Importer(2089858483,192608db42251d675da83286b1cce702) (ScriptedImporter) -> (artifact id: '05de55fde9acc5522028ee66709b13fa') in 0.004690833 seconds
Number of updated asset objects reloaded before import = 0Number of asset objects unloaded after import = 1

========================================================================
Received Import Request.
  Time since last request: 0.000052 seconds.
  path: Assets/Samples/XR Hands/1.5.0/HandVisualizer/Materials/Green.mat
  artifactKey: Guid(727f87098255ad04987a60f5f08390bc) Importer(2089858483,192608db42251d675da83286b1cce702)
Start importing Assets/Samples/XR Hands/1.5.0/HandVisualizer/Materials/Green.mat using Guid(727f87098255ad04987a60f5f08390bc) Importer(2089858483,192608db42251d675da83286b1cce702) (ScriptedImporter) -> (artifact id: 'ee687e9b93907f684d862a0a80049de0') in 0.005272916 seconds
Number of updated asset objects reloaded before import = 0Number of asset objects unloaded after import = 1

========================================================================
Received Import Request.
  Time since last request: 0.000052 seconds.
  path: Assets/Samples/XR Hands/1.5.0/HandVisualizer/Scripts/HandVisualizer.cs
  artifactKey: Guid(2e9813c68d7d6f44282ace8bd2d1fd46) Importer(2089858483,192608db42251d675da83286b1cce702)
Start importing Assets/Samples/XR Hands/1.5.0/HandVisualizer/Scripts/HandVisualizer.cs using Guid(2e9813c68d7d6f44282ace8bd2d1fd46) Importer(2089858483,192608db42251d675da83286b1cce702) (ScriptedImporter) -> (artifact id: 'acb8a2f8fa3159553b09de27b8f9d33f') in 0.003065833 seconds
Number of updated asset objects reloaded before import = 0Number of asset objects unloaded after import = 0

========================================================================
Received Import Request.
  Time since last request: 0.000058 seconds.
  path: Assets/Samples/XR Interaction Toolkit/3.0.7/Starter Assets/DemoScene.unity
  artifactKey: Guid(319dafa5c80f29f428dc1e0d03f04177) Importer(2089858483,192608db42251d675da83286b1cce702)
Start importing Assets/Samples/XR Interaction Toolkit/3.0.7/Starter Assets/DemoScene.unity using Guid(319dafa5c80f29f428dc1e0d03f04177) Importer(2089858483,192608db42251d675da83286b1cce702) (ScriptedImporter) -> (artifact id: 'a991943690ff027b2190eef8ae05e960') in 0.010058959 seconds
Number of updated asset objects reloaded before import = 0Number of asset objects unloaded after import = 1

========================================================================
Received Import Request.
  Time since last request: 0.000053 seconds.
  path: Assets/Samples/XR Interaction Toolkit/3.0.7/Hands Interaction Demo/AffordanceThemes/PinchPointHighlightColor.asset
  artifactKey: Guid(6b0360f219436394b8519378cd55c7e3) Importer(2089858483,192608db42251d675da83286b1cce702)
Start importing Assets/Samples/XR Interaction Toolkit/3.0.7/Hands Interaction Demo/AffordanceThemes/PinchPointHighlightColor.asset using Guid(6b0360f219436394b8519378cd55c7e3) Importer(2089858483,192608db42251d675da83286b1cce702) (ScriptedImporter) -> (artifact id: '3d33368797f68544c0a8969ae3d56750') in 0.004681791 seconds
Number of updated asset objects reloaded before import = 0Number of asset objects unloaded after import = 1

========================================================================
Received Import Request.
  Time since last request: 0.000067 seconds.
  path: Assets/Samples/XR Interaction Toolkit/3.0.7/Hands Interaction Demo/HandsInteractionDemo.asmdef
  artifactKey: Guid(cb2909ae488862941b33f4c055c3ed13) Importer(2089858483,192608db42251d675da83286b1cce702)
Start importing Assets/Samples/XR Interaction Toolkit/3.0.7/Hands Interaction Demo/HandsInteractionDemo.asmdef using Guid(cb2909ae488862941b33f4c055c3ed13) Importer(2089858483,192608db42251d675da83286b1cce702) (ScriptedImporter) -> (artifact id: 'bdae82616f95648165194b5149e65472') in 0.003372708 seconds
Number of updated asset objects reloaded before import = 0Number of asset objects unloaded after import = 1

========================================================================
Received Import Request.
  Time since last request: 0.000060 seconds.
  path: Assets/Samples/XR Hands/1.5.0/HandVisualizer/Prefabs/Joint.prefab
  artifactKey: Guid(254b742d65a15d14b9df756ae77de868) Importer(2089858483,192608db42251d675da83286b1cce702)
Start importing Assets/Samples/XR Hands/1.5.0/HandVisualizer/Prefabs/Joint.prefab using Guid(254b742d65a15d14b9df756ae77de868) Importer(2089858483,192608db42251d675da83286b1cce702) (ScriptedImporter) -> (artifact id: '31040c5363d9a6234fa2735609d1ad37') in 0.011142917 seconds
Number of updated asset objects reloaded before import = 0Number of asset objects unloaded after import = 26

========================================================================
Received Import Request.
  Time since last request: 0.000070 seconds.
  path: Assets/Samples/XR Hands/1.5.0/HandVisualizer/Materials/TransparentRed.mat
  artifactKey: Guid(d149182fa7aa1dc47bd32b2a6da80ec9) Importer(2089858483,192608db42251d675da83286b1cce702)
Start importing Assets/Samples/XR Hands/1.5.0/HandVisualizer/Materials/TransparentRed.mat using Guid(d149182fa7aa1dc47bd32b2a6da80ec9) Importer(2089858483,192608db42251d675da83286b1cce702) (ScriptedImporter) -> (artifact id: '44df526ebbffcf1b9f09c8d840b2f274') in 0.0735125 seconds
Number of updated asset objects reloaded before import = 0Number of asset objects unloaded after import = 1

========================================================================
Received Import Request.
  Time since last request: 0.000053 seconds.
  path: Assets/Samples/XR Interaction Toolkit/3.0.7/Hands Interaction Demo/Prefabs/RightHandInteractionVisual.prefab
  artifactKey: Guid(89e80c47615e4f043926d66492d3ca5f) Importer(2089858483,192608db42251d675da83286b1cce702)
Start importing Assets/Samples/XR Interaction Toolkit/3.0.7/Hands Interaction Demo/Prefabs/RightHandInteractionVisual.prefab using Guid(89e80c47615e4f043926d66492d3ca5f) Importer(2089858483,192608db42251d675da83286b1cce702) (ScriptedImporter) -> (artifact id: '6a5d9820780b14aedc26d6ab0ec96eac') in 0.012654583 seconds
Number of updated asset objects reloaded before import = 0Number of asset objects unloaded after import = 79

========================================================================
Received Import Request.
  Time since last request: 0.000068 seconds.
  path: Assets/Samples/XR Interaction Toolkit/3.0.7/Hands Interaction Demo/Prefabs/HandMenuRig.prefab
  artifactKey: Guid(58011bca9681c484080084eccc4cb150) Importer(2089858483,192608db42251d675da83286b1cce702)
Start importing Assets/Samples/XR Interaction Toolkit/3.0.7/Hands Interaction Demo/Prefabs/HandMenuRig.prefab using Guid(58011bca9681c484080084eccc4cb150) Importer(2089858483,192608db42251d675da83286b1cce702) (ScriptedImporter) -> (artifact id: '89d742e8a0f6a48ac364eadf26b1d107') in 0.018170667 seconds
Number of updated asset objects reloaded before import = 0Number of asset objects unloaded after import = 22

========================================================================
Received Import Request.
  Time since last request: 0.000046 seconds.
  path: Assets/Samples/XR Interaction Toolkit/3.0.7/Hands Interaction Demo/Scripts/HandsOneEuroFilterPostProcessor.cs
  artifactKey: Guid(bc6980b6cb3b4f12b6b75074e4ef59f3) Importer(2089858483,192608db42251d675da83286b1cce702)
Start importing Assets/Samples/XR Interaction Toolkit/3.0.7/Hands Interaction Demo/Scripts/HandsOneEuroFilterPostProcessor.cs using Guid(bc6980b6cb3b4f12b6b75074e4ef59f3) Importer(2089858483,192608db42251d675da83286b1cce702) (ScriptedImporter) -> (artifact id: '627b38eb4b21dc0c15eacd49b20de7d5') in 0.002975292 seconds
Number of updated asset objects reloaded before import = 0Number of asset objects unloaded after import = 0

========================================================================
Received Import Request.
  Time since last request: 0.000041 seconds.
  path: Assets/Samples/XR Interaction Toolkit/3.0.7/Hands Interaction Demo/Shaders/Unity_Hand.shadergraph
  artifactKey: Guid(bd11349dc99f3fd4083ef2f86cee9c1f) Importer(2089858483,192608db42251d675da83286b1cce702)
Start importing Assets/Samples/XR Interaction Toolkit/3.0.7/Hands Interaction Demo/Shaders/Unity_Hand.shadergraph using Guid(bd11349dc99f3fd4083ef2f86cee9c1f) Importer(2089858483,192608db42251d675da83286b1cce702) (ScriptedImporter) -> (artifact id: '8c85f2348e9bfad8e00bdfbf5b81b9ad') in 0.192938083 seconds
Number of updated asset objects reloaded before import = 0Number of asset objects unloaded after import = 10

========================================================================
Received Import Request.
  Time since last request: 0.000103 seconds.
  path: Assets/Samples/XR Interaction Toolkit/3.0.7/Hands Interaction Demo/Scripts/PinchPointFollow.cs
  artifactKey: Guid(8693657abb5062a40a80ba3cb86ef181) Importer(2089858483,192608db42251d675da83286b1cce702)
Start importing Assets/Samples/XR Interaction Toolkit/3.0.7/Hands Interaction Demo/Scripts/PinchPointFollow.cs using Guid(8693657abb5062a40a80ba3cb86ef181) Importer(2089858483,192608db42251d675da83286b1cce702) (ScriptedImporter) -> (artifact id: '0d5e876fc1a8d0d4dfb94c1485b5799a') in 0.002543209 seconds
Number of updated asset objects reloaded before import = 0Number of asset objects unloaded after import = 0

========================================================================
Received Import Request.
  Time since last request: 0.000048 seconds.
  path: Assets/Samples/XR Interaction Toolkit/3.0.7/Hands Interaction Demo/DatumPresets/Menu Hands Follow Preset.asset
  artifactKey: Guid(15088c60ea1e00448a95ebaef96316da) Importer(2089858483,192608db42251d675da83286b1cce702)
Start importing Assets/Samples/XR Interaction Toolkit/3.0.7/Hands Interaction Demo/DatumPresets/Menu Hands Follow Preset.asset using Guid(15088c60ea1e00448a95ebaef96316da) Importer(2089858483,192608db42251d675da83286b1cce702) (ScriptedImporter) -> (artifact id: 'c843b99b8ce2a95de248ca019ca9f3dc') in 0.004610208 seconds
Number of updated asset objects reloaded before import = 0Number of asset objects unloaded after import = 1

========================================================================
Received Import Request.
  Time since last request: 0.000039 seconds.
  path: Assets/Samples/XR Interaction Toolkit/3.0.7/Hands Interaction Demo/Materials/Unity_Hand_Dark.mat
  artifactKey: Guid(c1c1d86181c00bf4dabbad3ca0b191e7) Importer(2089858483,192608db42251d675da83286b1cce702)
Start importing Assets/Samples/XR Interaction Toolkit/3.0.7/Hands Interaction Demo/Materials/Unity_Hand_Dark.mat using Guid(c1c1d86181c00bf4dabbad3ca0b191e7) Importer(2089858483,192608db42251d675da83286b1cce702) (ScriptedImporter) -> (artifact id: 'bbb716a85fd68aad9f878c2f742e35c6') in 0.167330958 seconds
Number of updated asset objects reloaded before import = 0Number of asset objects unloaded after import = 10

========================================================================
Received Import Request.
  Time since last request: 0.000066 seconds.
  path: Assets/Samples/XR Interaction Toolkit/3.0.7/Starter Assets/AffordanceThemes/HighlightInteractionColor.asset
  artifactKey: Guid(8b0b5aede76faac438e02d2a468f4805) Importer(2089858483,192608db42251d675da83286b1cce702)
Start importing Assets/Samples/XR Interaction Toolkit/3.0.7/Starter Assets/AffordanceThemes/HighlightInteractionColor.asset using Guid(8b0b5aede76faac438e02d2a468f4805) Importer(2089858483,192608db42251d675da83286b1cce702) (ScriptedImporter) -> (artifact id: '204bc04fb543086539c4075bc21a96d2') in 0.00615875 seconds
Number of updated asset objects reloaded before import = 0Number of asset objects unloaded after import = 1

========================================================================
Received Import Request.
  Time since last request: 0.000047 seconds.
  path: Assets/Samples/XR Interaction Toolkit/3.0.7/Starter Assets/Materials/Controller_White.mat
  artifactKey: Guid(9f12d299d16099343a3c5c0d7285822a) Importer(2089858483,192608db42251d675da83286b1cce702)
Start importing Assets/Samples/XR Interaction Toolkit/3.0.7/Starter Assets/Materials/Controller_White.mat using Guid(9f12d299d16099343a3c5c0d7285822a) Importer(2089858483,192608db42251d675da83286b1cce702) (ScriptedImporter) -> (artifact id: '57342497e39f6b585332b7b679a02c7c') in 0.007982209 seconds
Number of updated asset objects reloaded before import = 0Number of asset objects unloaded after import = 2

========================================================================
Received Import Request.
  Time since last request: 0.000137 seconds.
  path: Assets/Samples/XR Interaction Toolkit/3.0.7/Starter Assets/Materials/FresnelHighlight.mat
  artifactKey: Guid(f5ccd52dc494e054fbe7d7161dcabe25) Importer(2089858483,192608db42251d675da83286b1cce702)
Start importing Assets/Samples/XR Interaction Toolkit/3.0.7/Starter Assets/Materials/FresnelHighlight.mat using Guid(f5ccd52dc494e054fbe7d7161dcabe25) Importer(2089858483,192608db42251d675da83286b1cce702) (ScriptedImporter) -> (artifact id: '47d8c468201abe1ed6f1854ae8ec9b35') in 0.144106042 seconds
Number of updated asset objects reloaded before import = 0Number of asset objects unloaded after import = 6

========================================================================
Received Import Request.
  Time since last request: 0.000048 seconds.
  path: Assets/Samples/XR Interaction Toolkit/3.0.7/Starter Assets/AffordanceThemes/ControllerPokeSphereScale.asset
  artifactKey: Guid(fd784a23f6ef7774a8998adf6e979d04) Importer(2089858483,192608db42251d675da83286b1cce702)
Start importing Assets/Samples/XR Interaction Toolkit/3.0.7/Starter Assets/AffordanceThemes/ControllerPokeSphereScale.asset using Guid(fd784a23f6ef7774a8998adf6e979d04) Importer(2089858483,192608db42251d675da83286b1cce702) (ScriptedImporter) -> (artifact id: '21a2de91422446ae0cf451abd6619f47') in 0.004424292 seconds
Number of updated asset objects reloaded before import = 0Number of asset objects unloaded after import = 1

========================================================================
Received Import Request.
  Time since last request: 0.000053 seconds.
  path: Assets/Samples/XR Interaction Toolkit/3.0.7/Starter Assets/Editor/StarterAssets.Editor.asmdef
  artifactKey: Guid(9233538b711383d449a485633568d17c) Importer(2089858483,192608db42251d675da83286b1cce702)
Start importing Assets/Samples/XR Interaction Toolkit/3.0.7/Starter Assets/Editor/StarterAssets.Editor.asmdef using Guid(9233538b711383d449a485633568d17c) Importer(2089858483,192608db42251d675da83286b1cce702) (ScriptedImporter) -> (artifact id: '4d2f0b502f8fe66fba7a3b48f8387cf4') in 0.00350025 seconds
Number of updated asset objects reloaded before import = 0Number of asset objects unloaded after import = 1

========================================================================
Received Import Request.
  Time since last request: 0.000049 seconds.
  path: Assets/Samples/XR Interaction Toolkit/3.0.7/Hands Interaction Demo/Shaders/Unity_Hand_HDR.shadergraph
  artifactKey: Guid(0f2e4d0d30e2b93488dce2f0124a9b44) Importer(2089858483,192608db42251d675da83286b1cce702)
Start importing Assets/Samples/XR Interaction Toolkit/3.0.7/Hands Interaction Demo/Shaders/Unity_Hand_HDR.shadergraph using Guid(0f2e4d0d30e2b93488dce2f0124a9b44) Importer(2089858483,192608db42251d675da83286b1cce702) (ScriptedImporter) -> (artifact id: '5952721ca6e31587dfe88d068dbf3617') in 0.159457334 seconds
Number of updated asset objects reloaded before import = 0Number of asset objects unloaded after import = 10

========================================================================
Received Import Request.
  Time since last request: 0.000051 seconds.
  path: Assets/Samples/XR Interaction Toolkit/3.0.7/Starter Assets/AffordanceThemes/HighlightStrengthInteraction.asset
  artifactKey: Guid(795305341a8dbbd46ae54e9a01d6ea95) Importer(2089858483,192608db42251d675da83286b1cce702)
Start importing Assets/Samples/XR Interaction Toolkit/3.0.7/Starter Assets/AffordanceThemes/HighlightStrengthInteraction.asset using Guid(795305341a8dbbd46ae54e9a01d6ea95) Importer(2089858483,192608db42251d675da83286b1cce702) (ScriptedImporter) -> (artifact id: 'b04e614b5edd6f14d001e57e7c4f5c38') in 0.004521333 seconds
Number of updated asset objects reloaded before import = 0Number of asset objects unloaded after import = 1

========================================================================
Received Import Request.
  Time since last request: 0.000048 seconds.
  path: Assets/Samples/XR Interaction Toolkit/3.0.7/Starter Assets/Presets/XRI Default Left Controller InputActionManager.preset
  artifactKey: Guid(c3d4ecc12d5e0f14c93fd734af32ab63) Importer(2089858483,192608db42251d675da83286b1cce702)
Start importing Assets/Samples/XR Interaction Toolkit/3.0.7/Starter Assets/Presets/XRI Default Left Controller InputActionManager.preset using Guid(c3d4ecc12d5e0f14c93fd734af32ab63) Importer(2089858483,192608db42251d675da83286b1cce702) (ScriptedImporter) -> (artifact id: 'ee68219284a7ebb9e47e1da3632a991d') in 0.009352625 seconds
Number of updated asset objects reloaded before import = 0Number of asset objects unloaded after import = 8

========================================================================
Received Import Request.
  Time since last request: 0.000055 seconds.
  path: Assets/Samples/XR Interaction Toolkit/3.0.7/Starter Assets/Models/BlinkVisual.fbx
  artifactKey: Guid(27b7629e54b332449bfa3a4065ffe17a) Importer(2089858483,192608db42251d675da83286b1cce702)
Start importing Assets/Samples/XR Interaction Toolkit/3.0.7/Starter Assets/Models/BlinkVisual.fbx using Guid(27b7629e54b332449bfa3a4065ffe17a) Importer(2089858483,192608db42251d675da83286b1cce702) (ScriptedImporter) -> (artifact id: '7bb16d2d3dc0d4ea69bd0c9a708fe040') in 0.008426667 seconds
Number of updated asset objects reloaded before import = 0Number of asset objects unloaded after import = 8

========================================================================
Received Import Request.
  Time since last request: 0.000137 seconds.
  path: Assets/Samples/XR Interaction Toolkit/3.0.7/Starter Assets/Presets/XRI Default XR UI Input Module.preset
  artifactKey: Guid(2c3e7ff9ab352b74da862a5a8779b276) Importer(2089858483,192608db42251d675da83286b1cce702)
Start importing Assets/Samples/XR Interaction Toolkit/3.0.7/Starter Assets/Presets/XRI Default XR UI Input Module.preset using Guid(2c3e7ff9ab352b74da862a5a8779b276) Importer(2089858483,192608db42251d675da83286b1cce702) (ScriptedImporter) -> (artifact id: '7194122b1a1d97d35872d5d2af86c893') in 0.00651125 seconds
Number of updated asset objects reloaded before import = 0Number of asset objects unloaded after import = 10

========================================================================
Received Import Request.
  Time since last request: 0.000049 seconds.
  path: Assets/Samples/XR Interaction Toolkit/3.0.7/Starter Assets/Presets/XRI Default Right Controller InputActionManager.preset
  artifactKey: Guid(55f7614a1d331d14bb631965514937d8) Importer(2089858483,192608db42251d675da83286b1cce702)
Start importing Assets/Samples/XR Interaction Toolkit/3.0.7/Starter Assets/Presets/XRI Default Right Controller InputActionManager.preset using Guid(55f7614a1d331d14bb631965514937d8) Importer(2089858483,192608db42251d675da83286b1cce702) (ScriptedImporter) -> (artifact id: '50b37a038cc8cdf81b9ff04894913d17') in 0.005050708 seconds
Number of updated asset objects reloaded before import = 0Number of asset objects unloaded after import = 8

========================================================================
Received Import Request.
  Time since last request: 0.000055 seconds.
  path: Assets/Samples/XR Interaction Toolkit/3.0.7/Starter Assets/Presets/XRI Default Dynamic Move.preset
  artifactKey: Guid(da25954ba1a2e604294f2ccda1d6372c) Importer(2089858483,192608db42251d675da83286b1cce702)
Start importing Assets/Samples/XR Interaction Toolkit/3.0.7/Starter Assets/Presets/XRI Default Dynamic Move.preset using Guid(da25954ba1a2e604294f2ccda1d6372c) Importer(2089858483,192608db42251d675da83286b1cce702) (ScriptedImporter) -> (artifact id: 'c30ca51e2cd34bef8c42e910d90b77b5') in 0.005676375 seconds
Number of updated asset objects reloaded before import = 0Number of asset objects unloaded after import = 4

========================================================================
Received Import Request.
  Time since last request: 0.000036 seconds.
  path: Assets/Samples/XR Interaction Toolkit/3.0.7/Starter Assets/Models/Primitive_Cylinder.fbx
  artifactKey: Guid(9e1dc1c14313460d872de39e35129b39) Importer(2089858483,192608db42251d675da83286b1cce702)
Start importing Assets/Samples/XR Interaction Toolkit/3.0.7/Starter Assets/Models/Primitive_Cylinder.fbx using Guid(9e1dc1c14313460d872de39e35129b39) Importer(2089858483,192608db42251d675da83286b1cce702) (ScriptedImporter) -> (artifact id: 'e2f7ea8abc767c5d97c64f2fa05ea6d3') in 0.010618083 seconds
Number of updated asset objects reloaded before import = 0Number of asset objects unloaded after import = 8

========================================================================
Received Import Request.
  Time since last request: 0.000050 seconds.
  path: Assets/Samples/XR Interaction Toolkit/3.0.7/Starter Assets/Animations/ArrowBounce.anim
  artifactKey: Guid(ebfa13455423c254e943b87bf6e1f310) Importer(2089858483,192608db42251d675da83286b1cce702)
Start importing Assets/Samples/XR Interaction Toolkit/3.0.7/Starter Assets/Animations/ArrowBounce.anim using Guid(ebfa13455423c254e943b87bf6e1f310) Importer(2089858483,192608db42251d675da83286b1cce702) (ScriptedImporter) -> (artifact id: '82e98e07cbbe7fac4c7f51ee540b67d3') in 0.004340458 seconds
Number of updated asset objects reloaded before import = 0Number of asset objects unloaded after import = 1

========================================================================
Received Import Request.
  Time since last request: 0.000053 seconds.
  path: Assets/Samples/XR Interaction Toolkit/3.0.7/Hands Interaction Demo/Prefabs/PinchPointStabilized.prefab
  artifactKey: Guid(88b12c0ca81d9a34eac32a1e1bd19b1c) Importer(2089858483,192608db42251d675da83286b1cce702)
Start importing Assets/Samples/XR Interaction Toolkit/3.0.7/Hands Interaction Demo/Prefabs/PinchPointStabilized.prefab using Guid(88b12c0ca81d9a34eac32a1e1bd19b1c) Importer(2089858483,192608db42251d675da83286b1cce702) (ScriptedImporter) -> (artifact id: 'c7cee4e5a251ebb7b950ebb69ad84114') in 0.101273209 seconds
Number of updated asset objects reloaded before import = 0Number of asset objects unloaded after import = 26

========================================================================
Received Import Request.
  Time since last request: 0.000042 seconds.
  path: Assets/Samples/XR Interaction Toolkit/3.0.7/Starter Assets/Presets/XRI Default Right Grab Move.preset
  artifactKey: Guid(fdc4f514b7b1e9c4eb39713ad9dd4eba) Importer(2089858483,192608db42251d675da83286b1cce702)
Start importing Assets/Samples/XR Interaction Toolkit/3.0.7/Starter Assets/Presets/XRI Default Right Grab Move.preset using Guid(fdc4f514b7b1e9c4eb39713ad9dd4eba) Importer(2089858483,192608db42251d675da83286b1cce702) (ScriptedImporter) -> (artifact id: '24aac2f9e78dbe753943a9162213f69c') in 0.007301666 seconds
Number of updated asset objects reloaded before import = 0Number of asset objects unloaded after import = 3

========================================================================
Received Import Request.
  Time since last request: 0.000081 seconds.
  path: Assets/Samples/XR Interaction Toolkit/3.0.7/Hands Interaction Demo/Materials/Unity_Hand_Light.mat
  artifactKey: Guid(1e4454c94a0cbda42814c4fb8df151d7) Importer(2089858483,192608db42251d675da83286b1cce702)
Start importing Assets/Samples/XR Interaction Toolkit/3.0.7/Hands Interaction Demo/Materials/Unity_Hand_Light.mat using Guid(1e4454c94a0cbda42814c4fb8df151d7) Importer(2089858483,192608db42251d675da83286b1cce702) (ScriptedImporter) -> (artifact id: 'bc2943f56ca95e8e9f09682bba1942f8') in 0.006766958 seconds
Number of updated asset objects reloaded before import = 0Number of asset objects unloaded after import = 10

========================================================================
Received Import Request.
  Time since last request: 0.000053 seconds.
  path: Assets/Samples/XR Interaction Toolkit/3.0.7/Starter Assets/Models/Pinch_Pointer_LOD0.fbx
  artifactKey: Guid(e053b8fbc416ba349b4a58a26410bba2) Importer(2089858483,192608db42251d675da83286b1cce702)
Start importing Assets/Samples/XR Interaction Toolkit/3.0.7/Starter Assets/Models/Pinch_Pointer_LOD0.fbx using Guid(e053b8fbc416ba349b4a58a26410bba2) Importer(2089858483,192608db42251d675da83286b1cce702) (ScriptedImporter) -> (artifact id: '346e1e8232be4a9498cf308ace299526') in 0.009503709 seconds
Number of updated asset objects reloaded before import = 0Number of asset objects unloaded after import = 6

========================================================================
Received Import Request.
  Time since last request: 0.000053 seconds.
  path: Assets/Samples/XR Interaction Toolkit/3.0.7/Starter Assets/Presets/XRI Default Left Grab Move.preset
  artifactKey: Guid(e2e08fffc3edfbb47a429bae0c5a6343) Importer(2089858483,192608db42251d675da83286b1cce702)
Start importing Assets/Samples/XR Interaction Toolkit/3.0.7/Starter Assets/Presets/XRI Default Left Grab Move.preset using Guid(e2e08fffc3edfbb47a429bae0c5a6343) Importer(2089858483,192608db42251d675da83286b1cce702) (ScriptedImporter) -> (artifact id: '0b2453d6ed8136400d4be9cff38d4331') in 0.00589875 seconds
Number of updated asset objects reloaded before import = 0Number of asset objects unloaded after import = 3

========================================================================
Received Import Request.
  Time since last request: 0.000048 seconds.
  path: Assets/Samples/XR Interaction Toolkit/3.0.7/Hands Interaction Demo/AffordanceThemes/FingerColor.asset
  artifactKey: Guid(ec1df508c6fb9eb45ae9f181ff6bbe82) Importer(2089858483,192608db42251d675da83286b1cce702)
Start importing Assets/Samples/XR Interaction Toolkit/3.0.7/Hands Interaction Demo/AffordanceThemes/FingerColor.asset using Guid(ec1df508c6fb9eb45ae9f181ff6bbe82) Importer(2089858483,192608db42251d675da83286b1cce702) (ScriptedImporter) -> (artifact id: 'd49d1e1261deccff53d716584ba203af') in 0.004069209 seconds
Number of updated asset objects reloaded before import = 0Number of asset objects unloaded after import = 1

========================================================================
Received Import Request.
  Time since last request: 0.000052 seconds.
  path: Assets/Samples/XR Interaction Toolkit/3.0.7/Starter Assets/Models/Primitive_Wedge.fbx
  artifactKey: Guid(ab3a79eba4de4be0ad5fead9fb858190) Importer(2089858483,192608db42251d675da83286b1cce702)
Start importing Assets/Samples/XR Interaction Toolkit/3.0.7/Starter Assets/Models/Primitive_Wedge.fbx using Guid(ab3a79eba4de4be0ad5fead9fb858190) Importer(2089858483,192608db42251d675da83286b1cce702) (ScriptedImporter) -> (artifact id: '0f852557b9582b3ef4399d0f5122482b') in 0.008519542 seconds
Number of updated asset objects reloaded before import = 0Number of asset objects unloaded after import = 8

========================================================================
Received Import Request.
  Time since last request: 0.000064 seconds.
  path: Assets/Samples/XR Interaction Toolkit/3.0.7/Starter Assets/Materials/UI-NoZTest.mat
  artifactKey: Guid(6f3d696f7c3365846b6dc2402afb3d3e) Importer(2089858483,192608db42251d675da83286b1cce702)
Start importing Assets/Samples/XR Interaction Toolkit/3.0.7/Starter Assets/Materials/UI-NoZTest.mat using Guid(6f3d696f7c3365846b6dc2402afb3d3e) Importer(2089858483,192608db42251d675da83286b1cce702) (ScriptedImporter) -> (artifact id: 'f0fbac1dabaafe148904dbb49605719c') in 0.052744042 seconds
Number of updated asset objects reloaded before import = 0Number of asset objects unloaded after import = 1

========================================================================
Received Import Request.
  Time since last request: 0.000061 seconds.
  path: Assets/VRTemplateAssets/Themes/AudioAffordanceTheme.asset
  artifactKey: Guid(5c5c73ead290d6441aaa736f48f64242) Importer(2089858483,192608db42251d675da83286b1cce702)
Start importing Assets/VRTemplateAssets/Themes/AudioAffordanceTheme.asset using Guid(5c5c73ead290d6441aaa736f48f64242) Importer(2089858483,192608db42251d675da83286b1cce702) (ScriptedImporter) -> (artifact id: '654cf1dbe7f65d122b9b5ba5397b593d') in 0.045716875 seconds
Number of updated asset objects reloaded before import = 0Number of asset objects unloaded after import = 3

========================================================================
Received Import Request.
  Time since last request: 0.000044 seconds.
  path: Assets/Samples/XR Interaction Toolkit/3.0.7/Starter Assets/Shaders/BiRP_Fresnel.shader
  artifactKey: Guid(b24c216c4acb0094c892a61dfbbb76b4) Importer(2089858483,192608db42251d675da83286b1cce702)
Start importing Assets/Samples/XR Interaction Toolkit/3.0.7/Starter Assets/Shaders/BiRP_Fresnel.shader using Guid(b24c216c4acb0094c892a61dfbbb76b4) Importer(2089858483,192608db42251d675da83286b1cce702) (ScriptedImporter) -> (artifact id: '4e27a238a8b96b74c0142d643a179ec8') in 0.019742458 seconds
Number of updated asset objects reloaded before import = 0Number of asset objects unloaded after import = 1

========================================================================
Received Import Request.
  Time since last request: 0.000053 seconds.
  path: Assets/Samples/XR Interaction Toolkit/3.0.7/Starter Assets/Scripts/ControllerAnimator.cs
  artifactKey: Guid(4a5f76f9ea8c80547973ab01877f9567) Importer(2089858483,192608db42251d675da83286b1cce702)
Start importing Assets/Samples/XR Interaction Toolkit/3.0.7/Starter Assets/Scripts/ControllerAnimator.cs using Guid(4a5f76f9ea8c80547973ab01877f9567) Importer(2089858483,192608db42251d675da83286b1cce702) (ScriptedImporter) -> (artifact id: '7c5861e4068ddfeeb752b109fc31b63d') in 0.016479708 seconds
Number of updated asset objects reloaded before import = 0Number of asset objects unloaded after import = 0

========================================================================
Received Import Request.
  Time since last request: 0.000057 seconds.
  path: Assets/Samples/XR Interaction Toolkit/3.0.7/Starter Assets/TunnelingVignette/TunnelingVignette.prefab
  artifactKey: Guid(6c8af5c8012f01440af6cb2bc3eb987c) Importer(2089858483,192608db42251d675da83286b1cce702)
Start importing Assets/Samples/XR Interaction Toolkit/3.0.7/Starter Assets/TunnelingVignette/TunnelingVignette.prefab using Guid(6c8af5c8012f01440af6cb2bc3eb987c) Importer(2089858483,192608db42251d675da83286b1cce702) (ScriptedImporter) -> (artifact id: 'b2e08eca6b93e44a557b34d1f84d1d06') in 0.010124417 seconds
Number of updated asset objects reloaded before import = 0Number of asset objects unloaded after import = 10

========================================================================
Received Import Request.
  Time since last request: 0.000031 seconds.
  path: Assets/Samples/XR Interaction Toolkit/3.0.7/Hands Interaction Demo/Editor/Scripts/HandsSampleProjectValidation.cs
  artifactKey: Guid(0deb305527bf17143801528616ee4f73) Importer(2089858483,192608db42251d675da83286b1cce702)
Start importing Assets/Samples/XR Interaction Toolkit/3.0.7/Hands Interaction Demo/Editor/Scripts/HandsSampleProjectValidation.cs using Guid(0deb305527bf17143801528616ee4f73) Importer(2089858483,192608db42251d675da83286b1cce702) (ScriptedImporter) -> (artifact id: 'fa3a2b9d630ca5262a9a33252f9cb41d') in 0.003288083 seconds
Number of updated asset objects reloaded before import = 0Number of asset objects unloaded after import = 0

========================================================================
Received Import Request.
  Time since last request: 0.000054 seconds.
  path: Assets/Samples/XR Interaction Toolkit/3.0.7/Starter Assets/Scripts/DestroySelf.cs
  artifactKey: Guid(717c12e2a4cfe764ab2580b1135e10fd) Importer(2089858483,192608db42251d675da83286b1cce702)
Start importing Assets/Samples/XR Interaction Toolkit/3.0.7/Starter Assets/Scripts/DestroySelf.cs using Guid(717c12e2a4cfe764ab2580b1135e10fd) Importer(2089858483,192608db42251d675da83286b1cce702) (ScriptedImporter) -> (artifact id: 'c1438576f1c63eb66b0e8f08a91baf59') in 0.003234 seconds
Number of updated asset objects reloaded before import = 0Number of asset objects unloaded after import = 0

========================================================================
Received Import Request.
  Time since last request: 0.000055 seconds.
  path: Assets/Samples/XR Interaction Toolkit/3.0.7/Hands Interaction Demo/HandsDemoSceneAssets/Affordances/LargeScale.asset
  artifactKey: Guid(d47a7e28eb1851943b2b99ded7acba3b) Importer(2089858483,192608db42251d675da83286b1cce702)
Start importing Assets/Samples/XR Interaction Toolkit/3.0.7/Hands Interaction Demo/HandsDemoSceneAssets/Affordances/LargeScale.asset using Guid(d47a7e28eb1851943b2b99ded7acba3b) Importer(2089858483,192608db42251d675da83286b1cce702) (ScriptedImporter) -> (artifact id: 'd656d8aac1eefb2e3f0e75582e795eb6') in 0.004249792 seconds
Number of updated asset objects reloaded before import = 0Number of asset objects unloaded after import = 1

========================================================================
Received Import Request.
  Time since last request: 0.000047 seconds.
  path: Assets/Samples/XR Interaction Toolkit/3.0.7/Starter Assets/TunnelingVignette/TunnelingVignette.mat
  artifactKey: Guid(0a35b7e20f75a8540a2c14b9555078cb) Importer(2089858483,192608db42251d675da83286b1cce702)
Start importing Assets/Samples/XR Interaction Toolkit/3.0.7/Starter Assets/TunnelingVignette/TunnelingVignette.mat using Guid(0a35b7e20f75a8540a2c14b9555078cb) Importer(2089858483,192608db42251d675da83286b1cce702) (ScriptedImporter) -> (artifact id: 'ee25ea6ee257d84936865d564799b536') in 0.003738666 seconds
Number of updated asset objects reloaded before import = 0Number of asset objects unloaded after import = 1

========================================================================
Received Import Request.
  Time since last request: 0.000040 seconds.
  path: Assets/Samples/XR Interaction Toolkit/3.0.7/Hands Interaction Demo/HandsDemoSceneAssets/Affordances/Audio.asset
  artifactKey: Guid(57def9352cdee8548bfc9ebc6a55914a) Importer(2089858483,192608db42251d675da83286b1cce702)
Start importing Assets/Samples/XR Interaction Toolkit/3.0.7/Hands Interaction Demo/HandsDemoSceneAssets/Affordances/Audio.asset using Guid(57def9352cdee8548bfc9ebc6a55914a) Importer(2089858483,192608db42251d675da83286b1cce702) (ScriptedImporter) -> (artifact id: '8abfb882e9ca2ccee2bb6608680cc41d') in 0.00954225 seconds
Number of updated asset objects reloaded before import = 0Number of asset objects unloaded after import = 3

========================================================================
Received Import Request.
  Time since last request: 0.000057 seconds.
  path: Assets/Samples/XR Interaction Toolkit/3.0.7/Starter Assets/Scripts/ControllerInputActionManager.cs
  artifactKey: Guid(f9ac216f0eb04754b1d938aac6380b31) Importer(2089858483,192608db42251d675da83286b1cce702)
Start importing Assets/Samples/XR Interaction Toolkit/3.0.7/Starter Assets/Scripts/ControllerInputActionManager.cs using Guid(f9ac216f0eb04754b1d938aac6380b31) Importer(2089858483,192608db42251d675da83286b1cce702) (ScriptedImporter) -> (artifact id: 'b814254d838fc9aa5e65b4dca0610226') in 0.003417 seconds
Number of updated asset objects reloaded before import = 0Number of asset objects unloaded after import = 0

========================================================================
Received Import Request.
  Time since last request: 0.000062 seconds.
  path: Assets/Samples/XR Interaction Toolkit/3.0.7/Hands Interaction Demo/HandsDemoSceneAssets/Affordances/CapsuleScale.asset
  artifactKey: Guid(e5acc2ade2588d44fb53e968cd702099) Importer(2089858483,192608db42251d675da83286b1cce702)
Start importing Assets/Samples/XR Interaction Toolkit/3.0.7/Hands Interaction Demo/HandsDemoSceneAssets/Affordances/CapsuleScale.asset using Guid(e5acc2ade2588d44fb53e968cd702099) Importer(2089858483,192608db42251d675da83286b1cce702) (ScriptedImporter) -> (artifact id: 'dc12b0e45e78e3e344163682de56f3b6') in 0.004216208 seconds
Number of updated asset objects reloaded before import = 0Number of asset objects unloaded after import = 1

========================================================================
Received Import Request.
  Time since last request: 0.000050 seconds.
  path: Assets/Samples/XR Interaction Toolkit/3.0.7/Starter Assets/TunnelingVignette/TunnelingVignette.shader
  artifactKey: Guid(e51b4af1e50be764e8de46e07d4e3f3f) Importer(2089858483,192608db42251d675da83286b1cce702)
Start importing Assets/Samples/XR Interaction Toolkit/3.0.7/Starter Assets/TunnelingVignette/TunnelingVignette.shader using Guid(e51b4af1e50be764e8de46e07d4e3f3f) Importer(2089858483,192608db42251d675da83286b1cce702) (ScriptedImporter) -> (artifact id: '1692bce765ee69e5160219471a086911') in 0.005396167 seconds
Number of updated asset objects reloaded before import = 0Number of asset objects unloaded after import = 1

========================================================================
Received Import Request.
  Time since last request: 0.000058 seconds.
  path: Assets/Samples/XR Interaction Toolkit/3.0.7/Starter Assets/Textures/DefaultMaterial_AO.png
  artifactKey: Guid(85e675893a909864d9c237e20202651b) Importer(2089858483,192608db42251d675da83286b1cce702)
Start importing Assets/Samples/XR Interaction Toolkit/3.0.7/Starter Assets/Textures/DefaultMaterial_AO.png using Guid(85e675893a909864d9c237e20202651b) Importer(2089858483,192608db42251d675da83286b1cce702) (ScriptedImporter) -> (artifact id: 'b7b0a0ed104b3dfcf6def6eb60cde279') in 0.007792 seconds
Number of updated asset objects reloaded before import = 0Number of asset objects unloaded after import = 1

========================================================================
Received Import Request.
  Time since last request: 0.000060 seconds.
  path: Assets/Samples/XR Interaction Toolkit/3.0.7/Starter Assets/Scripts/ObjectSpawner.cs
  artifactKey: Guid(956dd6cf70eaca449a45b6a95b96c8c1) Importer(2089858483,192608db42251d675da83286b1cce702)
Start importing Assets/Samples/XR Interaction Toolkit/3.0.7/Starter Assets/Scripts/ObjectSpawner.cs using Guid(956dd6cf70eaca449a45b6a95b96c8c1) Importer(2089858483,192608db42251d675da83286b1cce702) (ScriptedImporter) -> (artifact id: '22d094664d2a85b56ae9f9570b88d247') in 0.004384959 seconds
Number of updated asset objects reloaded before import = 0Number of asset objects unloaded after import = 0

========================================================================
Received Import Request.
  Time since last request: 0.000053 seconds.
  path: Assets/Samples/XR Interaction Toolkit/3.0.7/Starter Assets/Shaders/Unlit_ShaderGraph.shadergraph
  artifactKey: Guid(740445f1490c01e4b8feacf8d9ab5e7f) Importer(2089858483,192608db42251d675da83286b1cce702)
Start importing Assets/Samples/XR Interaction Toolkit/3.0.7/Starter Assets/Shaders/Unlit_ShaderGraph.shadergraph using Guid(740445f1490c01e4b8feacf8d9ab5e7f) Importer(2089858483,192608db42251d675da83286b1cce702) (ScriptedImporter) -> (artifact id: '80b1b8012a0b1d5578e114ca3239e5e6') in 0.146290208 seconds
Number of updated asset objects reloaded before import = 0Number of asset objects unloaded after import = 6

========================================================================
Received Import Request.
  Time since last request: 0.000051 seconds.
  path: Assets/Samples/XR Interaction Toolkit/3.0.7/Hands Interaction Demo/HandsDemoSceneAssets/Prefabs/PokeButton.prefab
  artifactKey: Guid(d661f645c81f29b4aa596207971ae441) Importer(2089858483,192608db42251d675da83286b1cce702)
Start importing Assets/Samples/XR Interaction Toolkit/3.0.7/Hands Interaction Demo/HandsDemoSceneAssets/Prefabs/PokeButton.prefab using Guid(d661f645c81f29b4aa596207971ae441) Importer(2089858483,192608db42251d675da83286b1cce702) (ScriptedImporter) -> (artifact id: '915fe0d8dd7528d4eb0c4ba89b1f63e9') in 0.0258405 seconds
Number of updated asset objects reloaded before import = 0Number of asset objects unloaded after import = 46

========================================================================
Received Import Request.
  Time since last request: 0.000043 seconds.
  path: Assets/Samples/XR Interaction Toolkit/3.0.7/Hands Interaction Demo/HandsDemoSceneAssets/Scripts/ToggleGraphicToggler.cs
  artifactKey: Guid(d3cd1891521c8e143a04e7fd344a64d5) Importer(2089858483,192608db42251d675da83286b1cce702)
Start importing Assets/Samples/XR Interaction Toolkit/3.0.7/Hands Interaction Demo/HandsDemoSceneAssets/Scripts/ToggleGraphicToggler.cs using Guid(d3cd1891521c8e143a04e7fd344a64d5) Importer(2089858483,192608db42251d675da83286b1cce702) (ScriptedImporter) -> (artifact id: 'f10e6f5c75d3342113f8bffc055dc544') in 0.00312025 seconds
Number of updated asset objects reloaded before import = 0Number of asset objects unloaded after import = 0

========================================================================
Received Import Request.
  Time since last request: 0.000054 seconds.
  path: Assets/Samples/XR Interaction Toolkit/3.0.7/Hands Interaction Demo/HandsDemoSceneAssets/Scripts/TransformSync.cs
  artifactKey: Guid(f22671673eaaae848b70290eb3a1350c) Importer(2089858483,192608db42251d675da83286b1cce702)
Start importing Assets/Samples/XR Interaction Toolkit/3.0.7/Hands Interaction Demo/HandsDemoSceneAssets/Scripts/TransformSync.cs using Guid(f22671673eaaae848b70290eb3a1350c) Importer(2089858483,192608db42251d675da83286b1cce702) (ScriptedImporter) -> (artifact id: '555ff9f51a5e8e50ac131c8b7aea7b5a') in 0.003092083 seconds
Number of updated asset objects reloaded before import = 0Number of asset objects unloaded after import = 0

========================================================================
Received Import Request.
  Time since last request: 0.000054 seconds.
  path: Assets/Samples/XR Interaction Toolkit/3.0.7/Hands Interaction Demo/HandsDemoSceneAssets/Prefabs/Disc.prefab
  artifactKey: Guid(54a010e086d816242aedcc5be9e8b1b5) Importer(2089858483,192608db42251d675da83286b1cce702)
Start importing Assets/Samples/XR Interaction Toolkit/3.0.7/Hands Interaction Demo/HandsDemoSceneAssets/Prefabs/Disc.prefab using Guid(54a010e086d816242aedcc5be9e8b1b5) Importer(2089858483,192608db42251d675da83286b1cce702) (ScriptedImporter) -> (artifact id: 'c65a8aa18a73ae62f3a503ae71456078') in 0.014804209 seconds
Number of updated asset objects reloaded before import = 0Number of asset objects unloaded after import = 29

========================================================================
Received Import Request.
  Time since last request: 0.000048 seconds.
  path: Assets/Samples/XR Interaction Toolkit/3.0.7/Hands Interaction Demo/HandsDemoSceneAssets/Prefabs/DiscController.prefab
  artifactKey: Guid(6b7188f9e149bd64cb26cec516eb470c) Importer(2089858483,192608db42251d675da83286b1cce702)
Start importing Assets/Samples/XR Interaction Toolkit/3.0.7/Hands Interaction Demo/HandsDemoSceneAssets/Prefabs/DiscController.prefab using Guid(6b7188f9e149bd64cb26cec516eb470c) Importer(2089858483,192608db42251d675da83286b1cce702) (ScriptedImporter) -> (artifact id: '67472550ab3c8179436e97e78510e172') in 0.024359291 seconds
Number of updated asset objects reloaded before import = 0Number of asset objects unloaded after import = 26

========================================================================
Received Import Request.
  Time since last request: 0.000049 seconds.
  path: Assets/Samples/XR Interaction Toolkit/3.0.7/Hands Interaction Demo/HandsDemoSceneAssets/Prefabs/SimpleSocketShape.prefab
  artifactKey: Guid(d81193b4b57486b46b4762e8b26d2de8) Importer(2089858483,192608db42251d675da83286b1cce702)
Start importing Assets/Samples/XR Interaction Toolkit/3.0.7/Hands Interaction Demo/HandsDemoSceneAssets/Prefabs/SimpleSocketShape.prefab using Guid(d81193b4b57486b46b4762e8b26d2de8) Importer(2089858483,192608db42251d675da83286b1cce702) (ScriptedImporter) -> (artifact id: '83688a3b1b4801a38370a8dd37fdbfa7') in 0.013598958 seconds
Number of updated asset objects reloaded before import = 0Number of asset objects unloaded after import = 29

========================================================================
Received Import Request.
  Time since last request: 0.000052 seconds.
  path: Assets/Samples/XR Interaction Toolkit/3.0.7/Hands Interaction Demo/HandsDemoSceneAssets/Prefabs/PawnController.prefab
  artifactKey: Guid(a5f97d75a3184ad46aef39618607e083) Importer(2089858483,192608db42251d675da83286b1cce702)
Start importing Assets/Samples/XR Interaction Toolkit/3.0.7/Hands Interaction Demo/HandsDemoSceneAssets/Prefabs/PawnController.prefab using Guid(a5f97d75a3184ad46aef39618607e083) Importer(2089858483,192608db42251d675da83286b1cce702) (ScriptedImporter) -> (artifact id: '703fd6d1adb6e2d4b9d1e71146eddfbc') in 0.018937208 seconds
Number of updated asset objects reloaded before import = 0Number of asset objects unloaded after import = 27

========================================================================
Received Import Request.
  Time since last request: 0.000071 seconds.
  path: Assets/Samples/XR Interaction Toolkit/3.0.7/Hands Interaction Demo/HandsDemoSceneAssets/Prefabs/Arrow.prefab
  artifactKey: Guid(d56cf1aacbea4704cac4d7983df1a0ad) Importer(2089858483,192608db42251d675da83286b1cce702)
Start importing Assets/Samples/XR Interaction Toolkit/3.0.7/Hands Interaction Demo/HandsDemoSceneAssets/Prefabs/Arrow.prefab using Guid(d56cf1aacbea4704cac4d7983df1a0ad) Importer(2089858483,192608db42251d675da83286b1cce702) (ScriptedImporter) -> (artifact id: '1cd6c172083bcd40f6a7939f807574f4') in 0.016740916 seconds
Number of updated asset objects reloaded before import = 0Number of asset objects unloaded after import = 34

========================================================================
Received Import Request.
  Time since last request: 0.000037 seconds.
  path: Assets/Samples/XR Interaction Toolkit/3.0.7/Hands Interaction Demo/HandsDemoSceneAssets/Materials/Chrome.mat
  artifactKey: Guid(2edb876ca20f6ea40b4ebb61f96f1df1) Importer(2089858483,192608db42251d675da83286b1cce702)
Start importing Assets/Samples/XR Interaction Toolkit/3.0.7/Hands Interaction Demo/HandsDemoSceneAssets/Materials/Chrome.mat using Guid(2edb876ca20f6ea40b4ebb61f96f1df1) Importer(2089858483,192608db42251d675da83286b1cce702) (ScriptedImporter) -> (artifact id: '6181db6fa493ba313096f2f0aed71bd4') in 0.004882166 seconds
Number of updated asset objects reloaded before import = 0Number of asset objects unloaded after import = 1

========================================================================
Received Import Request.
  Time since last request: 0.000069 seconds.
  path: Assets/Samples/XR Interaction Toolkit/3.0.7/Hands Interaction Demo/HandsDemoSceneAssets/Materials/Interactable White.mat
  artifactKey: Guid(b3c19a119577be64885886bfcc8792fe) Importer(2089858483,192608db42251d675da83286b1cce702)
Start importing Assets/Samples/XR Interaction Toolkit/3.0.7/Hands Interaction Demo/HandsDemoSceneAssets/Materials/Interactable White.mat using Guid(b3c19a119577be64885886bfcc8792fe) Importer(2089858483,192608db42251d675da83286b1cce702) (ScriptedImporter) -> (artifact id: '3cfc94a3879f480e9b12a1ce165e6381') in 0.137322 seconds
Number of updated asset objects reloaded before import = 0Number of asset objects unloaded after import = 7

========================================================================
Received Import Request.
  Time since last request: 0.000039 seconds.
  path: Assets/Samples/XR Interaction Toolkit/3.0.7/Hands Interaction Demo/HandsDemoSceneAssets/Materials/Table Surface.mat
  artifactKey: Guid(6c72d2d2ead00e54db4b71b27ffb03d4) Importer(2089858483,192608db42251d675da83286b1cce702)
Start importing Assets/Samples/XR Interaction Toolkit/3.0.7/Hands Interaction Demo/HandsDemoSceneAssets/Materials/Table Surface.mat using Guid(6c72d2d2ead00e54db4b71b27ffb03d4) Importer(2089858483,192608db42251d675da83286b1cce702) (ScriptedImporter) -> (artifact id: '21829600c9029a2814ce5047b18640e6') in 0.004351583 seconds
Number of updated asset objects reloaded before import = 0Number of asset objects unloaded after import = 1

========================================================================
Received Import Request.
  Time since last request: 0.000051 seconds.
  path: Assets/Samples/XR Interaction Toolkit/3.0.7/Hands Interaction Demo/HandsDemoSceneAssets/Scripts/ObjectResetPlane.cs
  artifactKey: Guid(54ce4268a4182384da360e6e2654d3a6) Importer(2089858483,192608db42251d675da83286b1cce702)
Start importing Assets/Samples/XR Interaction Toolkit/3.0.7/Hands Interaction Demo/HandsDemoSceneAssets/Scripts/ObjectResetPlane.cs using Guid(54ce4268a4182384da360e6e2654d3a6) Importer(2089858483,192608db42251d675da83286b1cce702) (ScriptedImporter) -> (artifact id: '233962663b1cbf87b69a2cec8eab7e24') in 0.003302167 seconds
Number of updated asset objects reloaded before import = 0Number of asset objects unloaded after import = 0

========================================================================
Received Import Request.
  Time since last request: 0.000050 seconds.
  path: Assets/VRTemplateAssets/Sprites/Icons/Forward.png
  artifactKey: Guid(a18f69464d4032d41a019152e94f2295) Importer(2089858483,192608db42251d675da83286b1cce702)
Start importing Assets/VRTemplateAssets/Sprites/Icons/Forward.png using Guid(a18f69464d4032d41a019152e94f2295) Importer(2089858483,192608db42251d675da83286b1cce702) (ScriptedImporter) -> (artifact id: 'fb410a2263a0ee8368226696e2d8c976') in 0.009209542 seconds
Number of updated asset objects reloaded before import = 0Number of asset objects unloaded after import = 3

========================================================================
Received Import Request.
  Time since last request: 0.000053 seconds.
  path: Assets/Samples/XR Interaction Toolkit/3.0.7/Starter Assets/DemoSceneAssets/Models/Primitive_Blaster_Long.fbx
  artifactKey: Guid(e51d3dbfe79e4c646bb30424a11f23a0) Importer(2089858483,192608db42251d675da83286b1cce702)
Start importing Assets/Samples/XR Interaction Toolkit/3.0.7/Starter Assets/DemoSceneAssets/Models/Primitive_Blaster_Long.fbx using Guid(e51d3dbfe79e4c646bb30424a11f23a0) Importer(2089858483,192608db42251d675da83286b1cce702) (ScriptedImporter) -> (artifact id: '23647e65347333d20e15647586cbe75d') in 0.010891375 seconds
Number of updated asset objects reloaded before import = 0Number of asset objects unloaded after import = 8

========================================================================
Received Import Request.
  Time since last request: 0.000053 seconds.
  path: Assets/Samples/XR Interaction Toolkit/3.0.7/Starter Assets/DemoSceneAssets/Prefabs/UI Sample.prefab
  artifactKey: Guid(fd28f23af44f73f4a95e33435872ad15) Importer(2089858483,192608db42251d675da83286b1cce702)
Start importing Assets/Samples/XR Interaction Toolkit/3.0.7/Starter Assets/DemoSceneAssets/Prefabs/UI Sample.prefab using Guid(fd28f23af44f73f4a95e33435872ad15) Importer(2089858483,192608db42251d675da83286b1cce702) (ScriptedImporter) -> (artifact id: '0b08dceaf8f6fcfa92bbad620ca1c89e') in 0.02497825 seconds
Number of updated asset objects reloaded before import = 0Number of asset objects unloaded after import = 315

========================================================================
Received Import Request.
  Time since last request: 0.000047 seconds.
  path: Assets/Samples/XR Interaction Toolkit/3.0.7/Starter Assets/DemoSceneAssets/Models/Primitive_Torus_Cut.fbx
  artifactKey: Guid(46c1c422ff6897f49a404b012dc924d3) Importer(2089858483,192608db42251d675da83286b1cce702)
Start importing Assets/Samples/XR Interaction Toolkit/3.0.7/Starter Assets/DemoSceneAssets/Models/Primitive_Torus_Cut.fbx using Guid(46c1c422ff6897f49a404b012dc924d3) Importer(2089858483,192608db42251d675da83286b1cce702) (ScriptedImporter) -> (artifact id: 'ff3f3008601889aa70c8512ef02adb5f') in 0.009876083 seconds
Number of updated asset objects reloaded before import = 0Number of asset objects unloaded after import = 8

========================================================================
Received Import Request.
  Time since last request: 0.000049 seconds.
  path: Assets/Samples/XR Interaction Toolkit/3.0.7/Starter Assets/DemoSceneAssets/Models/Primitive_Blaster.fbx
  artifactKey: Guid(e8cf87fef9298444ca38948b2c8a4073) Importer(2089858483,192608db42251d675da83286b1cce702)
Start importing Assets/Samples/XR Interaction Toolkit/3.0.7/Starter Assets/DemoSceneAssets/Models/Primitive_Blaster.fbx using Guid(e8cf87fef9298444ca38948b2c8a4073) Importer(2089858483,192608db42251d675da83286b1cce702) (ScriptedImporter) -> (artifact id: '816cbab23f2c01871a270470b72f56ae') in 0.008381917 seconds
Number of updated asset objects reloaded before import = 0Number of asset objects unloaded after import = 8

========================================================================
Received Import Request.
  Time since last request: 0.000067 seconds.
  path: Assets/Samples/XR Interaction Toolkit/3.0.7/Starter Assets/DemoSceneAssets/Prefabs/InteractionAffordance.prefab
  artifactKey: Guid(eb9104ef66b7305468adb3697fdeed5e) Importer(2089858483,192608db42251d675da83286b1cce702)
Start importing Assets/Samples/XR Interaction Toolkit/3.0.7/Starter Assets/DemoSceneAssets/Prefabs/InteractionAffordance.prefab using Guid(eb9104ef66b7305468adb3697fdeed5e) Importer(2089858483,192608db42251d675da83286b1cce702) (ScriptedImporter) -> (artifact id: 'f3cd113a3b9d4cab53aa3b6f586a3d26') in 0.007011792 seconds
Number of updated asset objects reloaded before import = 0Number of asset objects unloaded after import = 10

========================================================================
Received Import Request.
  Time since last request: 0.000088 seconds.
  path: Assets/Samples/XR Interaction Toolkit/3.0.7/Starter Assets/DemoSceneAssets/Models/Primitive_Pyramid.fbx
  artifactKey: Guid(63e02ddb08ce42da868504e1333d48ae) Importer(2089858483,192608db42251d675da83286b1cce702)
Start importing Assets/Samples/XR Interaction Toolkit/3.0.7/Starter Assets/DemoSceneAssets/Models/Primitive_Pyramid.fbx using Guid(63e02ddb08ce42da868504e1333d48ae) Importer(2089858483,192608db42251d675da83286b1cce702) (ScriptedImporter) -> (artifact id: '92f25aff96e38f3fb63800d783987d3a') in 0.009918 seconds
Number of updated asset objects reloaded before import = 0Number of asset objects unloaded after import = 8

========================================================================
Received Import Request.
  Time since last request: 0.000046 seconds.
  path: Assets/Samples/XR Interaction Toolkit/3.0.7/Starter Assets/DemoSceneAssets/Materials/MaterialPipelineHandler.asset
  artifactKey: Guid(fcbe69f7b69204d43b67d30e2487c37c) Importer(2089858483,192608db42251d675da83286b1cce702)
Start importing Assets/Samples/XR Interaction Toolkit/3.0.7/Starter Assets/DemoSceneAssets/Materials/MaterialPipelineHandler.asset using Guid(fcbe69f7b69204d43b67d30e2487c37c) Importer(2089858483,192608db42251d675da83286b1cce702) (ScriptedImporter) -> (artifact id: 'c6f4c486ba7dce10e8d4a6573116777f') in 0.007707083 seconds
Number of updated asset objects reloaded before import = 0Number of asset objects unloaded after import = 5

========================================================================
Received Import Request.
  Time since last request: 0.000048 seconds.
  path: Assets/Samples/XR Interaction Toolkit/3.0.7/Hands Interaction Demo/Shaders/Subgraphs/FadeFromCenter.shadersubgraph
  artifactKey: Guid(42ba907d16ca12e4ea44090883108545) Importer(2089858483,192608db42251d675da83286b1cce702)
Start importing Assets/Samples/XR Interaction Toolkit/3.0.7/Hands Interaction Demo/Shaders/Subgraphs/FadeFromCenter.shadersubgraph using Guid(42ba907d16ca12e4ea44090883108545) Importer(2089858483,192608db42251d675da83286b1cce702) (ScriptedImporter) -> (artifact id: 'f829fdd37c37fe80ecd295e07fb19841') in 0.009233625 seconds
Number of updated asset objects reloaded before import = 0Number of asset objects unloaded after import = 1

========================================================================
Received Import Request.
  Time since last request: 0.000053 seconds.
  path: Assets/Samples/XR Interaction Toolkit/3.0.7/Starter Assets/DemoSceneAssets/Prefabs/Teleportation Environment.prefab
  artifactKey: Guid(3e07eccb5e6f459d886de95044adb1d9) Importer(2089858483,192608db42251d675da83286b1cce702)
Start importing Assets/Samples/XR Interaction Toolkit/3.0.7/Starter Assets/DemoSceneAssets/Prefabs/Teleportation Environment.prefab using Guid(3e07eccb5e6f459d886de95044adb1d9) Importer(2089858483,192608db42251d675da83286b1cce702) (ScriptedImporter) -> (artifact id: '7ef21684aa127e376eac0ad2e3c63732') in 0.009607042 seconds
Number of updated asset objects reloaded before import = 0Number of asset objects unloaded after import = 103

========================================================================
Received Import Request.
  Time since last request: 0.000049 seconds.
  path: Assets/Samples/XR Interaction Toolkit/3.0.7/Starter Assets/DemoSceneAssets/Materials/Concrete Dark Blue.mat
  artifactKey: Guid(bbb56ac3cf3c61a46ab3887c0fdbda8f) Importer(2089858483,192608db42251d675da83286b1cce702)
Start importing Assets/Samples/XR Interaction Toolkit/3.0.7/Starter Assets/DemoSceneAssets/Materials/Concrete Dark Blue.mat using Guid(bbb56ac3cf3c61a46ab3887c0fdbda8f) Importer(2089858483,192608db42251d675da83286b1cce702) (ScriptedImporter) -> (artifact id: 'a9796f429b1ae72640349270e33a8173') in 0.008189959 seconds
Number of updated asset objects reloaded before import = 0Number of asset objects unloaded after import = 3

========================================================================
Received Import Request.
  Time since last request: 0.000052 seconds.
  path: Assets/Samples/XR Interaction Toolkit/3.0.7/Starter Assets/DemoSceneAssets/Prefabs/Poke Interactions Sample.prefab
  artifactKey: Guid(88246f8e9c3765d49be8da34eca3c630) Importer(2089858483,192608db42251d675da83286b1cce702)
Start importing Assets/Samples/XR Interaction Toolkit/3.0.7/Starter Assets/DemoSceneAssets/Prefabs/Poke Interactions Sample.prefab using Guid(88246f8e9c3765d49be8da34eca3c630) Importer(2089858483,192608db42251d675da83286b1cce702) (ScriptedImporter) -> (artifact id: '00e4217c89f89a2425545e4a6364fbcc') in 0.011098916 seconds
Number of updated asset objects reloaded before import = 0Number of asset objects unloaded after import = 103

========================================================================
Received Import Request.
  Time since last request: 0.000043 seconds.
  path: Assets/Samples/XR Interaction Toolkit/3.0.7/Hands Interaction Demo/Shaders/Subgraphs/OneFingerHighlight.shadersubgraph
  artifactKey: Guid(b8fd0258d5743d74290d71cbca4d556b) Importer(2089858483,192608db42251d675da83286b1cce702)
Start importing Assets/Samples/XR Interaction Toolkit/3.0.7/Hands Interaction Demo/Shaders/Subgraphs/OneFingerHighlight.shadersubgraph using Guid(b8fd0258d5743d74290d71cbca4d556b) Importer(2089858483,192608db42251d675da83286b1cce702) (ScriptedImporter) -> (artifact id: '4ae970c6af834ecb12dc5cb07545d0f7') in 0.006433791 seconds
Number of updated asset objects reloaded before import = 0Number of asset objects unloaded after import = 1

========================================================================
Received Import Request.
  Time since last request: 0.000047 seconds.
  path: Assets/Samples/XR Interaction Toolkit/3.0.7/Starter Assets/DemoSceneAssets/AffordanceThemes/InteractionColor.asset
  artifactKey: Guid(3ec238cb3e80e274c844d7b56f585392) Importer(2089858483,192608db42251d675da83286b1cce702)
Start importing Assets/Samples/XR Interaction Toolkit/3.0.7/Starter Assets/DemoSceneAssets/AffordanceThemes/InteractionColor.asset using Guid(3ec238cb3e80e274c844d7b56f585392) Importer(2089858483,192608db42251d675da83286b1cce702) (ScriptedImporter) -> (artifact id: '896d7ea40845b3acfca1c20a6aedc45d') in 0.005579042 seconds
Number of updated asset objects reloaded before import = 0Number of asset objects unloaded after import = 1

========================================================================
Received Import Request.
  Time since last request: 0.000060 seconds.
  path: Assets/Samples/XR Interaction Toolkit/3.0.7/Starter Assets/DemoSceneAssets/Models/Primitive_Cylinder.fbx
  artifactKey: Guid(73b694bb0f61cd14e9e1ed7b578ac09a) Importer(2089858483,192608db42251d675da83286b1cce702)
Start importing Assets/Samples/XR Interaction Toolkit/3.0.7/Starter Assets/DemoSceneAssets/Models/Primitive_Cylinder.fbx using Guid(73b694bb0f61cd14e9e1ed7b578ac09a) Importer(2089858483,192608db42251d675da83286b1cce702) (ScriptedImporter) -> (artifact id: 'f5aa8c575d236cb40dd37290f82b47d2') in 0.013765583 seconds
Number of updated asset objects reloaded before import = 0Number of asset objects unloaded after import = 8

========================================================================
Received Import Request.
  Time since last request: 0.000052 seconds.
  path: Assets/Samples/XR Interaction Toolkit/3.0.7/Starter Assets/DemoSceneAssets/Materials/Concrete Grey.mat
  artifactKey: Guid(842f1b88643f1bb458ba6243088e344e) Importer(2089858483,192608db42251d675da83286b1cce702)
Start importing Assets/Samples/XR Interaction Toolkit/3.0.7/Starter Assets/DemoSceneAssets/Materials/Concrete Grey.mat using Guid(842f1b88643f1bb458ba6243088e344e) Importer(2089858483,192608db42251d675da83286b1cce702) (ScriptedImporter) -> (artifact id: '82944303799b9d59cc8f3abb8075fda9') in 0.0119465 seconds
Number of updated asset objects reloaded before import = 0Number of asset objects unloaded after import = 3

========================================================================
Received Import Request.
  Time since last request: 0.000054 seconds.
  path: Assets/Samples/XR Interaction Toolkit/3.0.7/Starter Assets/DemoSceneAssets/Models/PushButton.fbx
  artifactKey: Guid(7ab6f3b0fd1a6ba41b2a47766c16613f) Importer(2089858483,192608db42251d675da83286b1cce702)
Start importing Assets/Samples/XR Interaction Toolkit/3.0.7/Starter Assets/DemoSceneAssets/Models/PushButton.fbx using Guid(7ab6f3b0fd1a6ba41b2a47766c16613f) Importer(2089858483,192608db42251d675da83286b1cce702) (ScriptedImporter) -> (artifact id: '7d3e2b60bd3bb03e828537fb25ec9503') in 0.029422209 seconds
Number of updated asset objects reloaded before import = 0Number of asset objects unloaded after import = 18

========================================================================
Received Import Request.
  Time since last request: 0.000115 seconds.
  path: Assets/VRTemplateAssets/Materials/Anchor Materials/Anchor Base.mat
  artifactKey: Guid(19fd09f1fd9347644a27778b73938d3b) Importer(2089858483,192608db42251d675da83286b1cce702)
Start importing Assets/VRTemplateAssets/Materials/Anchor Materials/Anchor Base.mat using Guid(19fd09f1fd9347644a27778b73938d3b) Importer(2089858483,192608db42251d675da83286b1cce702) (ScriptedImporter) -> (artifact id: 'b5b3a3c7ac023933a16023973390209c') in 0.02566825 seconds
Number of updated asset objects reloaded before import = 0Number of asset objects unloaded after import = 2

========================================================================
Received Import Request.
  Time since last request: 0.000074 seconds.
  path: Assets/VRTemplateAssets/Materials/Primitive/fabric_Metallic.png
  artifactKey: Guid(7e51390506d6084449db036c4dde2bda) Importer(2089858483,192608db42251d675da83286b1cce702)
Start importing Assets/VRTemplateAssets/Materials/Primitive/fabric_Metallic.png using Guid(7e51390506d6084449db036c4dde2bda) Importer(2089858483,192608db42251d675da83286b1cce702) (ScriptedImporter) -> (artifact id: 'd2ebd14eed6345fd4a91538985fe991d') in 0.009199584 seconds
Number of updated asset objects reloaded before import = 0Number of asset objects unloaded after import = 1

========================================================================
Received Import Request.
  Time since last request: 0.000060 seconds.
  path: Assets/TextMesh Pro/Shaders/TMPro_Surface.cginc
  artifactKey: Guid(d930090c0cd643c7b55f19a38538c162) Importer(2089858483,192608db42251d675da83286b1cce702)
Start importing Assets/TextMesh Pro/Shaders/TMPro_Surface.cginc using Guid(d930090c0cd643c7b55f19a38538c162) Importer(2089858483,192608db42251d675da83286b1cce702) (ScriptedImporter) -> (artifact id: '634130d91c239d1b0885a7efbbefcd85') in 0.003516292 seconds
Number of updated asset objects reloaded before import = 0Number of asset objects unloaded after import = 1

========================================================================
Received Import Request.
  Time since last request: 0.000147 seconds.
  path: Assets/Samples/XR Interaction Toolkit/3.0.7/Starter Assets/Prefabs/Interactors/Ray Interactor.prefab
  artifactKey: Guid(ad818c36731146e994540a1896ad8f24) Importer(2089858483,192608db42251d675da83286b1cce702)
Start importing Assets/Samples/XR Interaction Toolkit/3.0.7/Starter Assets/Prefabs/Interactors/Ray Interactor.prefab using Guid(ad818c36731146e994540a1896ad8f24) Importer(2089858483,192608db42251d675da83286b1cce702) (ScriptedImporter) -> (artifact id: '5fd2403a7e21764794ef87463a046fd4') in 0.191821458 seconds
Number of updated asset objects reloaded before import = 0Number of asset objects unloaded after import = 10

========================================================================
Received Import Request.
  Time since last request: 0.000038 seconds.
  path: Assets/Samples/XR Interaction Toolkit/3.0.7/Starter Assets/DemoSceneAssets/Sprites/Forward.png
  artifactKey: Guid(f8ecc54972abacc46a93f671b0602139) Importer(2089858483,192608db42251d675da83286b1cce702)
Start importing Assets/Samples/XR Interaction Toolkit/3.0.7/Starter Assets/DemoSceneAssets/Sprites/Forward.png using Guid(f8ecc54972abacc46a93f671b0602139) Importer(2089858483,192608db42251d675da83286b1cce702) (ScriptedImporter) -> (artifact id: '3cc55547066f77c6e90c31f767f08a74') in 0.008095791 seconds
Number of updated asset objects reloaded before import = 0Number of asset objects unloaded after import = 3

========================================================================
Received Import Request.
  Time since last request: 0.000036 seconds.
  path: Assets/Samples/XR Interaction Toolkit/3.0.7/Hands Interaction Demo/HandsDemoSceneAssets/Models/Primitives/Disc.fbx
  artifactKey: Guid(c3bde1a6f623d4b569b67c73aedfebbf) Importer(2089858483,192608db42251d675da83286b1cce702)
Start importing Assets/Samples/XR Interaction Toolkit/3.0.7/Hands Interaction Demo/HandsDemoSceneAssets/Models/Primitives/Disc.fbx using Guid(c3bde1a6f623d4b569b67c73aedfebbf) Importer(2089858483,192608db42251d675da83286b1cce702) (ScriptedImporter) -> (artifact id: '7792c3ba9ce338bcce4a819a9f6c6060') in 0.008151 seconds
Number of updated asset objects reloaded before import = 0Number of asset objects unloaded after import = 8

========================================================================
Received Import Request.
  Time since last request: 0.000051 seconds.
  path: Assets/Samples/XR Interaction Toolkit/3.0.7/Hands Interaction Demo/HandsDemoSceneAssets/Models/Primitives/Cylinder.fbx
  artifactKey: Guid(6e726735122552f40b1e8d26da2d5617) Importer(2089858483,192608db42251d675da83286b1cce702)
Start importing Assets/Samples/XR Interaction Toolkit/3.0.7/Hands Interaction Demo/HandsDemoSceneAssets/Models/Primitives/Cylinder.fbx using Guid(6e726735122552f40b1e8d26da2d5617) Importer(2089858483,192608db42251d675da83286b1cce702) (ScriptedImporter) -> (artifact id: '8b4c366beb5905d9c50f48f69d86f62c') in 0.010127167 seconds
Number of updated asset objects reloaded before import = 0Number of asset objects unloaded after import = 8

========================================================================
Received Import Request.
  Time since last request: 0.000046 seconds.
  path: Assets/Samples/XR Interaction Toolkit/3.0.7/Starter Assets/Prefabs/Teleport/Blocking Teleport Reticle.prefab
  artifactKey: Guid(a3fde713df4d99042a0403c4be9eea32) Importer(2089858483,192608db42251d675da83286b1cce702)
Start importing Assets/Samples/XR Interaction Toolkit/3.0.7/Starter Assets/Prefabs/Teleport/Blocking Teleport Reticle.prefab using Guid(a3fde713df4d99042a0403c4be9eea32) Importer(2089858483,192608db42251d675da83286b1cce702) (ScriptedImporter) -> (artifact id: 'adf601905840ec4214c1d32125166f1f') in 0.004323542 seconds
Number of updated asset objects reloaded before import = 0Number of asset objects unloaded after import = 17

========================================================================
Received Import Request.
  Time since last request: 0.000055 seconds.
  path: Assets/Samples/XR Interaction Toolkit/3.0.7/Starter Assets/Prefabs/Affordances/HighlightInteractionAffordance.prefab
  artifactKey: Guid(6b12f432fa58c224baf0d659706362be) Importer(2089858483,192608db42251d675da83286b1cce702)
Start importing Assets/Samples/XR Interaction Toolkit/3.0.7/Starter Assets/Prefabs/Affordances/HighlightInteractionAffordance.prefab using Guid(6b12f432fa58c224baf0d659706362be) Importer(2089858483,192608db42251d675da83286b1cce702) (ScriptedImporter) -> (artifact id: 'cd8c5e00b3b42be58a651707d1d2b8c7') in 0.007065083 seconds
Number of updated asset objects reloaded before import = 0Number of asset objects unloaded after import = 12

========================================================================
Received Import Request.
  Time since last request: 0.000060 seconds.
  path: Assets/Samples/XR Interaction Toolkit/3.0.7/Starter Assets/DemoSceneAssets/Textures/Concrete_Albedo.tif
  artifactKey: Guid(5a327724a94a9674a8a93e6b4e9a6eee) Importer(2089858483,192608db42251d675da83286b1cce702)
Start importing Assets/Samples/XR Interaction Toolkit/3.0.7/Starter Assets/DemoSceneAssets/Textures/Concrete_Albedo.tif using Guid(5a327724a94a9674a8a93e6b4e9a6eee) Importer(2089858483,192608db42251d675da83286b1cce702) (ScriptedImporter) -> (artifact id: 'd6eb1af15836eacb406676eca20acf3a') in 0.010127041 seconds
Number of updated asset objects reloaded before import = 0Number of asset objects unloaded after import = 1

========================================================================
Received Import Request.
  Time since last request: 0.000089 seconds.
  path: Assets/Samples/XR Interaction Toolkit/3.0.7/Starter Assets/Prefabs/Controllers/XR Controller Left.prefab
  artifactKey: Guid(1392f805216c47742996d4742c80721c) Importer(2089858483,192608db42251d675da83286b1cce702)
Start importing Assets/Samples/XR Interaction Toolkit/3.0.7/Starter Assets/Prefabs/Controllers/XR Controller Left.prefab using Guid(1392f805216c47742996d4742c80721c) Importer(2089858483,192608db42251d675da83286b1cce702) (ScriptedImporter) -> (artifact id: 'fb091c3858de61bc2e8a9dc58ddf6af8') in 0.016063 seconds
Number of updated asset objects reloaded before import = 0Number of asset objects unloaded after import = 59

========================================================================
Received Import Request.
  Time since last request: 0.000050 seconds.
  path: Assets/Samples/XR Interaction Toolkit/3.0.7/Starter Assets/Prefabs/Controllers/XR Controller Right.prefab
  artifactKey: Guid(9f3369e30fbd31f4bb596b1a99babe83) Importer(2089858483,192608db42251d675da83286b1cce702)
Start importing Assets/Samples/XR Interaction Toolkit/3.0.7/Starter Assets/Prefabs/Controllers/XR Controller Right.prefab using Guid(9f3369e30fbd31f4bb596b1a99babe83) Importer(2089858483,192608db42251d675da83286b1cce702) (ScriptedImporter) -> (artifact id: 'c7b610bc5fdb3ab15d076e16fb632137') in 0.013507041 seconds
Number of updated asset objects reloaded before import = 0Number of asset objects unloaded after import = 59

========================================================================
Received Import Request.
  Time since last request: 0.000049 seconds.
  path: Assets/Samples/XR Interaction Toolkit/3.0.7/Starter Assets/DemoSceneAssets/Sprites/Round Radius 4 Outline.png
  artifactKey: Guid(b7bad1260586fa746a0b67e930892936) Importer(2089858483,192608db42251d675da83286b1cce702)
Start importing Assets/Samples/XR Interaction Toolkit/3.0.7/Starter Assets/DemoSceneAssets/Sprites/Round Radius 4 Outline.png using Guid(b7bad1260586fa746a0b67e930892936) Importer(2089858483,192608db42251d675da83286b1cce702) (ScriptedImporter) -> (artifact id: '32c75ad9fc56698914d5d85a419ee27c') in 0.008010834 seconds
Number of updated asset objects reloaded before import = 0Number of asset objects unloaded after import = 3

========================================================================
Received Import Request.
  Time since last request: 0.000068 seconds.
  path: Assets/Samples/XR Interaction Toolkit/3.0.7/Starter Assets/Prefabs/Interactors/Poke Interactor.prefab
  artifactKey: Guid(27024f5809f4a4347b9cd7f26a1bdf93) Importer(2089858483,192608db42251d675da83286b1cce702)
Start importing Assets/Samples/XR Interaction Toolkit/3.0.7/Starter Assets/Prefabs/Interactors/Poke Interactor.prefab using Guid(27024f5809f4a4347b9cd7f26a1bdf93) Importer(2089858483,192608db42251d675da83286b1cce702) (ScriptedImporter) -> (artifact id: '593667144b6c6f32169dc38e97ae2e71') in 0.012584458 seconds
Number of updated asset objects reloaded before import = 0Number of asset objects unloaded after import = 12

========================================================================
Received Import Request.
  Time since last request: 0.000039 seconds.
  path: Assets/Samples/XR Interaction Toolkit/3.0.7/Starter Assets/Prefabs/Interactors/Teleport Interactor.prefab
  artifactKey: Guid(c1800acf6366418a9b5f610249000331) Importer(2089858483,192608db42251d675da83286b1cce702)
Start importing Assets/Samples/XR Interaction Toolkit/3.0.7/Starter Assets/Prefabs/Interactors/Teleport Interactor.prefab using Guid(c1800acf6366418a9b5f610249000331) Importer(2089858483,192608db42251d675da83286b1cce702) (ScriptedImporter) -> (artifact id: '9ddec617972422d50e5e35401d513df9') in 0.033625333 seconds
Number of updated asset objects reloaded before import = 0Number of asset objects unloaded after import = 38

========================================================================
Received Import Request.
  Time since last request: 0.000058 seconds.
  path: Assets/Samples/XR Interaction Toolkit/3.0.7/Starter Assets/DemoSceneAssets/Prefabs/Teleport/Teleport Area.prefab
  artifactKey: Guid(beb4e2871579447497fe41dfb108e2cd) Importer(2089858483,192608db42251d675da83286b1cce702)
Start importing Assets/Samples/XR Interaction Toolkit/3.0.7/Starter Assets/DemoSceneAssets/Prefabs/Teleport/Teleport Area.prefab using Guid(beb4e2871579447497fe41dfb108e2cd) Importer(2089858483,192608db42251d675da83286b1cce702) (ScriptedImporter) -> (artifact id: 'f90ae88d3d0591812d1a0a7471c15d58') in 0.014668209 seconds
Number of updated asset objects reloaded before import = 0Number of asset objects unloaded after import = 10

========================================================================
Received Import Request.
  Time since last request: 0.000050 seconds.
  path: Assets/Samples/XR Interaction Toolkit/3.0.7/Starter Assets/DemoSceneAssets/Prefabs/Interactables/Cube.prefab
  artifactKey: Guid(2e16046ebcbcb6742a86569d82e56cce) Importer(2089858483,192608db42251d675da83286b1cce702)
Start importing Assets/Samples/XR Interaction Toolkit/3.0.7/Starter Assets/DemoSceneAssets/Prefabs/Interactables/Cube.prefab using Guid(2e16046ebcbcb6742a86569d82e56cce) Importer(2089858483,192608db42251d675da83286b1cce702) (ScriptedImporter) -> (artifact id: 'b4dc4b49ebc2a995d939840aadec09d3') in 0.00730925 seconds
Number of updated asset objects reloaded before import = 0Number of asset objects unloaded after import = 18

========================================================================
Received Import Request.
  Time since last request: 0.000053 seconds.
  path: Assets/Samples/XR Interaction Toolkit/3.0.7/Starter Assets/DemoSceneAssets/Prefabs/Teleport/Snap Teleport Anchor.prefab
  artifactKey: Guid(037ba65d346be2a48ad006b9a9a3873e) Importer(2089858483,192608db42251d675da83286b1cce702)
Start importing Assets/Samples/XR Interaction Toolkit/3.0.7/Starter Assets/DemoSceneAssets/Prefabs/Teleport/Snap Teleport Anchor.prefab using Guid(037ba65d346be2a48ad006b9a9a3873e) Importer(2089858483,192608db42251d675da83286b1cce702) (ScriptedImporter) -> (artifact id: '48c838525b8fc139291d4e2e210321d6') in 0.00796525 seconds
Number of updated asset objects reloaded before import = 0Number of asset objects unloaded after import = 37

========================================================================
Received Import Request.
  Time since last request: 0.000054 seconds.
  path: Assets/Samples/XR Interaction Toolkit/3.0.7/Starter Assets/DemoSceneAssets/Prefabs/Interactables/Cylinder.prefab
  artifactKey: Guid(2ed984a58a974166bf92c82a74380454) Importer(2089858483,192608db42251d675da83286b1cce702)
Start importing Assets/Samples/XR Interaction Toolkit/3.0.7/Starter Assets/DemoSceneAssets/Prefabs/Interactables/Cylinder.prefab using Guid(2ed984a58a974166bf92c82a74380454) Importer(2089858483,192608db42251d675da83286b1cce702) (ScriptedImporter) -> (artifact id: '71c3715cbd5bec18849ca1f75d553a58') in 0.014314125 seconds
Number of updated asset objects reloaded before import = 0Number of asset objects unloaded after import = 23

========================================================================
Received Import Request.
  Time since last request: 0.000067 seconds.
  path: Assets/Samples/XR Interaction Toolkit/3.0.7/Starter Assets/DemoSceneAssets/Prefabs/Climb/Single Floor Ladder.prefab
  artifactKey: Guid(1f62bdd0e59688d4bb754afe89fa2f5a) Importer(2089858483,192608db42251d675da83286b1cce702)
Start importing Assets/Samples/XR Interaction Toolkit/3.0.7/Starter Assets/DemoSceneAssets/Prefabs/Climb/Single Floor Ladder.prefab using Guid(1f62bdd0e59688d4bb754afe89fa2f5a) Importer(2089858483,192608db42251d675da83286b1cce702) (ScriptedImporter) -> (artifact id: 'eba025f95a1a95ca72563cf480e2a09b') in 0.02009825 seconds
Number of updated asset objects reloaded before import = 0Number of asset objects unloaded after import = 198

========================================================================
Received Import Request.
  Time since last request: 0.000044 seconds.
  path: Assets/Samples/XR Interaction Toolkit/3.0.7/Starter Assets/DemoSceneAssets/Prefabs/Interactables/Pot.prefab
  artifactKey: Guid(d5615d616019430d9c2e8727e71c97fb) Importer(2089858483,192608db42251d675da83286b1cce702)
Start importing Assets/Samples/XR Interaction Toolkit/3.0.7/Starter Assets/DemoSceneAssets/Prefabs/Interactables/Pot.prefab using Guid(d5615d616019430d9c2e8727e71c97fb) Importer(2089858483,192608db42251d675da83286b1cce702) (ScriptedImporter) -> (artifact id: 'cfd72b9791d114d93b370489f867bdd5') in 0.029987042 seconds
Number of updated asset objects reloaded before import = 0Number of asset objects unloaded after import = 22

========================================================================
Received Import Request.
  Time since last request: 0.000045 seconds.
  path: Assets/Samples/XR Interaction Toolkit/3.0.7/Starter Assets/DemoSceneAssets/Prefabs/UI/Icon Button.prefab
  artifactKey: Guid(56686f82f64b0af4688a89676403a500) Importer(2089858483,192608db42251d675da83286b1cce702)
Start importing Assets/Samples/XR Interaction Toolkit/3.0.7/Starter Assets/DemoSceneAssets/Prefabs/UI/Icon Button.prefab using Guid(56686f82f64b0af4688a89676403a500) Importer(2089858483,192608db42251d675da83286b1cce702) (ScriptedImporter) -> (artifact id: '550cb75949fe6f38f6794ed2efc6876c') in 0.047223542 seconds
Number of updated asset objects reloaded before import = 0Number of asset objects unloaded after import = 24

========================================================================
Received Import Request.
  Time since last request: 0.000053 seconds.
  path: Assets/Samples/XR Interaction Toolkit/3.0.7/Starter Assets/DemoSceneAssets/Prefabs/UI/Icon Toggle.prefab
  artifactKey: Guid(541ed11e270c6994ca5910042c7e04da) Importer(2089858483,192608db42251d675da83286b1cce702)
Start importing Assets/Samples/XR Interaction Toolkit/3.0.7/Starter Assets/DemoSceneAssets/Prefabs/UI/Icon Toggle.prefab using Guid(541ed11e270c6994ca5910042c7e04da) Importer(2089858483,192608db42251d675da83286b1cce702) (ScriptedImporter) -> (artifact id: '08fef47745e01c7f1e05a00e058c0b4f') in 0.060047459 seconds
Number of updated asset objects reloaded before import = 0Number of asset objects unloaded after import = 24

========================================================================
Received Import Request.
  Time since last request: 0.000073 seconds.
  path: Assets/Samples/XR Interaction Toolkit/3.0.7/Starter Assets/DemoSceneAssets/Prefabs/Interactables/Torus.prefab
  artifactKey: Guid(521327bdbcb341f782d36f02cab76cb0) Importer(2089858483,192608db42251d675da83286b1cce702)
Start importing Assets/Samples/XR Interaction Toolkit/3.0.7/Starter Assets/DemoSceneAssets/Prefabs/Interactables/Torus.prefab using Guid(521327bdbcb341f782d36f02cab76cb0) Importer(2089858483,192608db42251d675da83286b1cce702) (ScriptedImporter) -> (artifact id: '43f522866377843b372138847caa6077') in 0.013495709 seconds
Number of updated asset objects reloaded before import = 0Number of asset objects unloaded after import = 23

========================================================================
Received Import Request.
  Time since last request: 0.000041 seconds.
  path: Assets/Samples/XR Interaction Toolkit/3.0.7/Starter Assets/DemoSceneAssets/Prefabs/UI/MinMaxSlider.prefab
  artifactKey: Guid(657321a07c3561043af55547ec4b0ed7) Importer(2089858483,192608db42251d675da83286b1cce702)
Start importing Assets/Samples/XR Interaction Toolkit/3.0.7/Starter Assets/DemoSceneAssets/Prefabs/UI/MinMaxSlider.prefab using Guid(657321a07c3561043af55547ec4b0ed7) Importer(2089858483,192608db42251d675da83286b1cce702) (ScriptedImporter) -> (artifact id: '08a6b3ec6097e3dc39177951c8e2bac1') in 0.01169475 seconds
Number of updated asset objects reloaded before import = 0Number of asset objects unloaded after import = 26

========================================================================
Received Import Request.
  Time since last request: 0.000052 seconds.
  path: Assets/Samples/XR Interaction Toolkit/3.0.7/Starter Assets/Prefabs/Teleport/Climb Teleport Arrow.prefab
  artifactKey: Guid(ae1968658b9687b47976fe86c062168f) Importer(2089858483,192608db42251d675da83286b1cce702)
Start importing Assets/Samples/XR Interaction Toolkit/3.0.7/Starter Assets/Prefabs/Teleport/Climb Teleport Arrow.prefab using Guid(ae1968658b9687b47976fe86c062168f) Importer(2089858483,192608db42251d675da83286b1cce702) (ScriptedImporter) -> (artifact id: '62062a227b73acdab86eee21966fbb91') in 0.0112875 seconds
Number of updated asset objects reloaded before import = 0Number of asset objects unloaded after import = 27

========================================================================
Received Import Request.
  Time since last request: 0.000058 seconds.
  path: Assets/Samples/XR Interaction Toolkit/3.0.7/Starter Assets/DemoSceneAssets/Prefabs/Interactables/Blaser.prefab
  artifactKey: Guid(3549fdaf258e11846b85a316c16c699c) Importer(2089858483,192608db42251d675da83286b1cce702)
Start importing Assets/Samples/XR Interaction Toolkit/3.0.7/Starter Assets/DemoSceneAssets/Prefabs/Interactables/Blaser.prefab using Guid(3549fdaf258e11846b85a316c16c699c) Importer(2089858483,192608db42251d675da83286b1cce702) (ScriptedImporter) -> (artifact id: 'b347ea5a7c20b6fbba3a98b3c85b201c') in 0.021074 seconds
Number of updated asset objects reloaded before import = 0Number of asset objects unloaded after import = 29

========================================================================
Received Import Request.
  Time since last request: 0.000045 seconds.
  path: Assets/Samples/XR Interaction Toolkit/3.0.7/Starter Assets/Prefabs/Teleport/Directional Teleport Reticle.prefab
  artifactKey: Guid(893219773891c784ab469a39151879b4) Importer(2089858483,192608db42251d675da83286b1cce702)
Start importing Assets/Samples/XR Interaction Toolkit/3.0.7/Starter Assets/Prefabs/Teleport/Directional Teleport Reticle.prefab using Guid(893219773891c784ab469a39151879b4) Importer(2089858483,192608db42251d675da83286b1cce702) (ScriptedImporter) -> (artifact id: '811a0ebffb79db9eedba68e7508396ff') in 0.0058315 seconds
Number of updated asset objects reloaded before import = 0Number of asset objects unloaded after import = 13

========================================================================
Received Import Request.
  Time since last request: 0.000051 seconds.
  path: Assets/Samples/XR Interaction Toolkit/3.0.7/Starter Assets/DemoSceneAssets/Prefabs/UI/Text Toggle.prefab
  artifactKey: Guid(6a448845c7017044e8a9f3d711cfe825) Importer(2089858483,192608db42251d675da83286b1cce702)
Start importing Assets/Samples/XR Interaction Toolkit/3.0.7/Starter Assets/DemoSceneAssets/Prefabs/UI/Text Toggle.prefab using Guid(6a448845c7017044e8a9f3d711cfe825) Importer(2089858483,192608db42251d675da83286b1cce702) (ScriptedImporter) -> (artifact id: '76adac5d9ba95596380ffe4a6b35f5d8') in 0.017466666 seconds
Number of updated asset objects reloaded before import = 0Number of asset objects unloaded after import = 28

========================================================================
Received Import Request.
  Time since last request: 0.000056 seconds.
  path: Assets/Samples/XR Interaction Toolkit/3.0.7/Starter Assets/Prefabs/Interactors/Direct Interactor.prefab
  artifactKey: Guid(2fd3e07afe5b461490fb8e314976b1b0) Importer(2089858483,192608db42251d675da83286b1cce702)
Start importing Assets/Samples/XR Interaction Toolkit/3.0.7/Starter Assets/Prefabs/Interactors/Direct Interactor.prefab using Guid(2fd3e07afe5b461490fb8e314976b1b0) Importer(2089858483,192608db42251d675da83286b1cce702) (ScriptedImporter) -> (artifact id: '487737b4e069e5ed52ea58658dc70b3b') in 0.02659525 seconds
Number of updated asset objects reloaded before import = 0Number of asset objects unloaded after import = 8

========================================================================
Received Import Request.
  Time since last request: 0.000067 seconds.
  path: Assets/Samples/XR Interaction Toolkit/3.0.7/Hands Interaction Demo/HandsDemoSceneAssets/Models/Primitives/Cone.fbx
  artifactKey: Guid(30ab630b2b7264c1c85cca8ce81b06c3) Importer(2089858483,192608db42251d675da83286b1cce702)
Start importing Assets/Samples/XR Interaction Toolkit/3.0.7/Hands Interaction Demo/HandsDemoSceneAssets/Models/Primitives/Cone.fbx using Guid(30ab630b2b7264c1c85cca8ce81b06c3) Importer(2089858483,192608db42251d675da83286b1cce702) (ScriptedImporter) -> (artifact id: '6003ec1833790f3005fcc10f49ecdd77') in 0.01581 seconds
Number of updated asset objects reloaded before import = 0Number of asset objects unloaded after import = 8

========================================================================
Received Import Request.
  Time since last request: 0.000060 seconds.
  path: Assets/Samples/XR Interaction Toolkit/3.0.7/Starter Assets/DemoSceneAssets/Sprites/LegibilityMask.png
  artifactKey: Guid(a85d80c1edb5d2f458d42e79f78055b9) Importer(2089858483,192608db42251d675da83286b1cce702)
Start importing Assets/Samples/XR Interaction Toolkit/3.0.7/Starter Assets/DemoSceneAssets/Sprites/LegibilityMask.png using Guid(a85d80c1edb5d2f458d42e79f78055b9) Importer(2089858483,192608db42251d675da83286b1cce702) (ScriptedImporter) -> (artifact id: '66078bcdf51c8a6871bbee0b7b588ff0') in 0.013418292 seconds
Number of updated asset objects reloaded before import = 0Number of asset objects unloaded after import = 3

========================================================================
Received Import Request.
  Time since last request: 0.000051 seconds.
  path: Assets/Samples/XR Interaction Toolkit/3.0.7/Starter Assets/DemoSceneAssets/Prefabs/UI/Interactive Controls.prefab
  artifactKey: Guid(7bbb1960bab3e75459304488d8d1ffba) Importer(2089858483,192608db42251d675da83286b1cce702)
Start importing Assets/Samples/XR Interaction Toolkit/3.0.7/Starter Assets/DemoSceneAssets/Prefabs/UI/Interactive Controls.prefab using Guid(7bbb1960bab3e75459304488d8d1ffba) Importer(2089858483,192608db42251d675da83286b1cce702) (ScriptedImporter) -> (artifact id: '77631a80bf03b18d0255e4cf3f554b26') in 0.057616625 seconds
Number of updated asset objects reloaded before import = 0Number of asset objects unloaded after import = 204

========================================================================
Received Import Request.
  Time since last request: 0.000078 seconds.
  path: Assets/VRTemplateAssets/Sprites/UI/Circle_60x60_Vertical.png
  artifactKey: Guid(83d67d78424a7e24fa4bef36e1e32541) Importer(2089858483,192608db42251d675da83286b1cce702)
Start importing Assets/VRTemplateAssets/Sprites/UI/Circle_60x60_Vertical.png using Guid(83d67d78424a7e24fa4bef36e1e32541) Importer(2089858483,192608db42251d675da83286b1cce702) (ScriptedImporter) -> (artifact id: 'ddbfbb7281354e4a22cc9fe9b5515bb2') in 0.009135167 seconds
Number of updated asset objects reloaded before import = 0Number of asset objects unloaded after import = 3

========================================================================
Received Import Request.
  Time since last request: 0.000043 seconds.
  path: Assets/Scenes/SampleScene/Lightmap-0_comp_shadowmask.png
  artifactKey: Guid(5b272b86282919a4488341408a338239) Importer(2089858483,192608db42251d675da83286b1cce702)
Start importing Assets/Scenes/SampleScene/Lightmap-0_comp_shadowmask.png using Guid(5b272b86282919a4488341408a338239) Importer(2089858483,192608db42251d675da83286b1cce702) (ScriptedImporter) -> (artifact id: '3c7290a9163a994050e11b3456a3ffe5') in 0.027494875 seconds
Number of updated asset objects reloaded before import = 0Number of asset objects unloaded after import = 1

========================================================================
Received Import Request.
  Time since last request: 0.000040 seconds.
  path: Assets/VRTemplateAssets/Materials/UI/BezierLink.mat
  artifactKey: Guid(b0e96864bafcfb54894bb238ad56cf3b) Importer(2089858483,192608db42251d675da83286b1cce702)
Start importing Assets/VRTemplateAssets/Materials/UI/BezierLink.mat using Guid(b0e96864bafcfb54894bb238ad56cf3b) Importer(2089858483,192608db42251d675da83286b1cce702) (ScriptedImporter) -> (artifact id: 'f18d2fd1d0c64d71c84cf6c180e30c7e') in 0.023764792 seconds
Number of updated asset objects reloaded before import = 0Number of asset objects unloaded after import = 1

========================================================================
Received Import Request.
  Time since last request: 0.000054 seconds.
  path: Assets/XR/Loaders/Oculus Loader.asset
  artifactKey: Guid(eb6d337c1678a97408eb0481002d9ae2) Importer(2089858483,192608db42251d675da83286b1cce702)
Start importing Assets/XR/Loaders/Oculus Loader.asset using Guid(eb6d337c1678a97408eb0481002d9ae2) Importer(2089858483,192608db42251d675da83286b1cce702) (ScriptedImporter) -> (artifact id: '719a1618751c3cfdd4e408a50894383f') in 0.019446791 seconds
Number of updated asset objects reloaded before import = 0Number of asset objects unloaded after import = 1

========================================================================
Received Import Request.
  Time since last request: 0.000106 seconds.
  path: Assets/VRTemplateAssets/Materials/UI/Handle.mat
  artifactKey: Guid(5d9a96601b525ff40b25403df61ff736) Importer(2089858483,192608db42251d675da83286b1cce702)
Start importing Assets/VRTemplateAssets/Materials/UI/Handle.mat using Guid(5d9a96601b525ff40b25403df61ff736) Importer(2089858483,192608db42251d675da83286b1cce702) (ScriptedImporter) -> (artifact id: '24a4746462964eea9fe486b8fe76c963') in 0.00537025 seconds
Number of updated asset objects reloaded before import = 0Number of asset objects unloaded after import = 1

========================================================================
Received Import Request.
  Time since last request: 0.000055 seconds.
  path: Assets/VRTemplateAssets/Shaders/Grid.shader
  artifactKey: Guid(186077f5a09f3b64a812922fa946fe52) Importer(2089858483,192608db42251d675da83286b1cce702)
Start importing Assets/VRTemplateAssets/Shaders/Grid.shader using Guid(186077f5a09f3b64a812922fa946fe52) Importer(2089858483,192608db42251d675da83286b1cce702) (ScriptedImporter) -> (artifact id: '6a7245f9af21b934e68e47bae2384ce3') in 0.003990542 seconds
Number of updated asset objects reloaded before import = 0Number of asset objects unloaded after import = 1

========================================================================
Received Import Request.
  Time since last request: 0.000048 seconds.
  path: Assets/VRTemplateAssets/Materials/Locomotion/Blue Standard.mat
  artifactKey: Guid(7632678931fb0f34cb3d81b319e6fd15) Importer(2089858483,192608db42251d675da83286b1cce702)
Start importing Assets/VRTemplateAssets/Materials/Locomotion/Blue Standard.mat using Guid(7632678931fb0f34cb3d81b319e6fd15) Importer(2089858483,192608db42251d675da83286b1cce702) (ScriptedImporter) -> (artifact id: '67e05fe2eb1ba4b01ba4ec52d685d31b') in 0.007049792 seconds
Number of updated asset objects reloaded before import = 0Number of asset objects unloaded after import = 1

========================================================================
Received Import Request.
  Time since last request: 0.000060 seconds.
  path: Assets/VRTemplateAssets/Materials/Environment/wall2_Base_color.png
  artifactKey: Guid(9d65b1540bd55dc4ab02643e09524306) Importer(2089858483,192608db42251d675da83286b1cce702)
Start importing Assets/VRTemplateAssets/Materials/Environment/wall2_Base_color.png using Guid(9d65b1540bd55dc4ab02643e09524306) Importer(2089858483,192608db42251d675da83286b1cce702) (ScriptedImporter) -> (artifact id: 'e4403633ce156e9d4dd7c2f535040b7d') in 0.00812775 seconds
Number of updated asset objects reloaded before import = 0Number of asset objects unloaded after import = 1

========================================================================
Received Import Request.
  Time since last request: 0.000053 seconds.
  path: Assets/TextMesh Pro/Shaders/TMP_SDF-Mobile-2-Pass.shader
  artifactKey: Guid(0178fcb869bafef4690d177d31d17db8) Importer(2089858483,192608db42251d675da83286b1cce702)
Start importing Assets/TextMesh Pro/Shaders/TMP_SDF-Mobile-2-Pass.shader using Guid(0178fcb869bafef4690d177d31d17db8) Importer(2089858483,192608db42251d675da83286b1cce702) (ScriptedImporter) -> (artifact id: 'ca57009c47d9ae3cf63af1d3cac4bc0c') in 0.004259459 seconds
Number of updated asset objects reloaded before import = 0Number of asset objects unloaded after import = 1

========================================================================
Received Import Request.
  Time since last request: 0.000047 seconds.
  path: Assets/VRTemplateAssets/Models/Primitives/Sphere.fbx
  artifactKey: Guid(080ad8ef2223242198a30df487d9bcbb) Importer(2089858483,192608db42251d675da83286b1cce702)
Start importing Assets/VRTemplateAssets/Models/Primitives/Sphere.fbx using Guid(080ad8ef2223242198a30df487d9bcbb) Importer(2089858483,192608db42251d675da83286b1cce702) (ScriptedImporter) -> (artifact id: 'f9c7d847aaf07b90f130c7b109ebcd39') in 0.013775417 seconds
Number of updated asset objects reloaded before import = 0Number of asset objects unloaded after import = 8

========================================================================
Received Import Request.
  Time since last request: 0.000050 seconds.
  path: Assets/Samples/XR Interaction Toolkit/3.0.7/Hands Interaction Demo/Materials/DepthOnly.mat
  artifactKey: Guid(455ef821a5429de4baeed61fa958acbc) Importer(2089858483,192608db42251d675da83286b1cce702)
Start importing Assets/Samples/XR Interaction Toolkit/3.0.7/Hands Interaction Demo/Materials/DepthOnly.mat using Guid(455ef821a5429de4baeed61fa958acbc) Importer(2089858483,192608db42251d675da83286b1cce702) (ScriptedImporter) -> (artifact id: '246d8d67849a430ce3f8b9bd62a06ee0') in 0.003915667 seconds
Number of updated asset objects reloaded before import = 0Number of asset objects unloaded after import = 1

========================================================================
Received Import Request.
  Time since last request: 0.000056 seconds.
  path: Assets/VRTemplateAssets/Prefabs/Affordance/Affordance Callout.prefab
  artifactKey: Guid(048249d9a15aa3c459399751e860bde7) Importer(2089858483,192608db42251d675da83286b1cce702)
Start importing Assets/VRTemplateAssets/Prefabs/Affordance/Affordance Callout.prefab using Guid(048249d9a15aa3c459399751e860bde7) Importer(2089858483,192608db42251d675da83286b1cce702) (ScriptedImporter) -> (artifact id: 'f4170d555c4cae03a8d234e11d2ea05d') in 0.049210333 seconds
Number of updated asset objects reloaded before import = 0Number of asset objects unloaded after import = 47

========================================================================
Received Import Request.
  Time since last request: 0.000057 seconds.
  path: Assets/VRTemplateAssets/Prefabs/UI/List Item Button.prefab
  artifactKey: Guid(fa5ef3b56cfeb4f4ba855cdf2610a578) Importer(2089858483,192608db42251d675da83286b1cce702)
Start importing Assets/VRTemplateAssets/Prefabs/UI/List Item Button.prefab using Guid(fa5ef3b56cfeb4f4ba855cdf2610a578) Importer(2089858483,192608db42251d675da83286b1cce702) (ScriptedImporter) -> (artifact id: '3c99408ccb00b7e8820205ef18319e61') in 0.024630167 seconds
Number of updated asset objects reloaded before import = 0Number of asset objects unloaded after import = 44

========================================================================
Received Import Request.
  Time since last request: 0.000050 seconds.
  path: Assets/VRTemplateAssets/Materials/Environment/Grey.mat
  artifactKey: Guid(e1b4debff657aa94293a2e4e5f15b8a0) Importer(2089858483,192608db42251d675da83286b1cce702)
Start importing Assets/VRTemplateAssets/Materials/Environment/Grey.mat using Guid(e1b4debff657aa94293a2e4e5f15b8a0) Importer(2089858483,192608db42251d675da83286b1cce702) (ScriptedImporter) -> (artifact id: '1f9c180303a2ece3b3c25743082dd7c0') in 0.0088105 seconds
Number of updated asset objects reloaded before import = 0Number of asset objects unloaded after import = 3

========================================================================
Received Import Request.
  Time since last request: 0.000053 seconds.
  path: Assets/XR/Settings/Oculus Settings.asset
  artifactKey: Guid(bfa1182bd221b4ca89619141f66f1260) Importer(2089858483,192608db42251d675da83286b1cce702)
Start importing Assets/XR/Settings/Oculus Settings.asset using Guid(bfa1182bd221b4ca89619141f66f1260) Importer(2089858483,192608db42251d675da83286b1cce702) (ScriptedImporter) -> (artifact id: '1e86035a4f7c9854d04b62aaa33f7e9f') in 0.003397458 seconds
Number of updated asset objects reloaded before import = 0Number of asset objects unloaded after import = 1

========================================================================
Received Import Request.
  Time since last request: 0.000058 seconds.
  path: Assets/VRTemplateAssets/Graphics/Post Process Volume Profile.asset
  artifactKey: Guid(12bd4b8ecc486d84b9e059255860c49b) Importer(2089858483,192608db42251d675da83286b1cce702)
Start importing Assets/VRTemplateAssets/Graphics/Post Process Volume Profile.asset using Guid(12bd4b8ecc486d84b9e059255860c49b) Importer(2089858483,192608db42251d675da83286b1cce702) (ScriptedImporter) -> (artifact id: '23ec241aec771c2dca49e42661aeccc9') in 0.011779958 seconds
Number of updated asset objects reloaded before import = 0Number of asset objects unloaded after import = 4

========================================================================
Received Import Request.
  Time since last request: 0.000077 seconds.
  path: Assets/VRTemplateAssets/Tutorial/VRTutorialContainer.asset
  artifactKey: Guid(66a752886585f42d5b39f6f643d399f9) Importer(2089858483,192608db42251d675da83286b1cce702)
Start importing Assets/VRTemplateAssets/Tutorial/VRTutorialContainer.asset using Guid(66a752886585f42d5b39f6f643d399f9) Importer(2089858483,192608db42251d675da83286b1cce702) (ScriptedImporter) -> (artifact id: 'a505761d400edce867109a7ae26a8801') in 0.067551708 seconds
Number of updated asset objects reloaded before import = 0Number of asset objects unloaded after import = 4

========================================================================
Received Import Request.
  Time since last request: 0.000063 seconds.
  path: Assets/Samples/XR Hands/1.5.0/HandVisualizer/Materials/Red.mat
  artifactKey: Guid(55fa12dc7870f1e46b6a7f8617949a86) Importer(2089858483,192608db42251d675da83286b1cce702)
Start importing Assets/Samples/XR Hands/1.5.0/HandVisualizer/Materials/Red.mat using Guid(55fa12dc7870f1e46b6a7f8617949a86) Importer(2089858483,192608db42251d675da83286b1cce702) (ScriptedImporter) -> (artifact id: '7fffd835cdc0f487b04c1edb9c5ddbc1') in 0.006793708 seconds
Number of updated asset objects reloaded before import = 0Number of asset objects unloaded after import = 1

========================================================================
Received Import Request.
  Time since last request: 0.000094 seconds.
  path: Assets/VRTemplateAssets/Materials/Locomotion/BlinkOcclusionTexture.png
  artifactKey: Guid(325bac5adcc39b044b58a1cc8c02ef0f) Importer(2089858483,192608db42251d675da83286b1cce702)
Start importing Assets/VRTemplateAssets/Materials/Locomotion/BlinkOcclusionTexture.png using Guid(325bac5adcc39b044b58a1cc8c02ef0f) Importer(2089858483,192608db42251d675da83286b1cce702) (ScriptedImporter) -> (artifact id: 'a431adb4e5dd86fc992a5a03ef101482') in 0.007364333 seconds
Number of updated asset objects reloaded before import = 0Number of asset objects unloaded after import = 1

========================================================================
Received Import Request.
  Time since last request: 0.000082 seconds.
  path: Assets/VRTemplateAssets/Sprites/Icons/Play.png
  artifactKey: Guid(490272c7e5fa30f4a88f5f77ac90ca97) Importer(2089858483,192608db42251d675da83286b1cce702)
Start importing Assets/VRTemplateAssets/Sprites/Icons/Play.png using Guid(490272c7e5fa30f4a88f5f77ac90ca97) Importer(2089858483,192608db42251d675da83286b1cce702) (ScriptedImporter) -> (artifact id: '5c592a7c77a57cddbe9769b05eff9fd7') in 0.009068459 seconds
Number of updated asset objects reloaded before import = 0Number of asset objects unloaded after import = 3

========================================================================
Received Import Request.
  Time since last request: 0.000066 seconds.
  path: Assets/Scenes/SampleScene/Lightmap-0_comp_light.exr
  artifactKey: Guid(a8efa23c6f03b7d449b0cf4aa8e6a06d) Importer(2089858483,192608db42251d675da83286b1cce702)
Start importing Assets/Scenes/SampleScene/Lightmap-0_comp_light.exr using Guid(a8efa23c6f03b7d449b0cf4aa8e6a06d) Importer(2089858483,192608db42251d675da83286b1cce702) (ScriptedImporter) -> (artifact id: '80ea1f4d34bd6ac60123c458bdac1a31') in 0.00912375 seconds
Number of updated asset objects reloaded before import = 0Number of asset objects unloaded after import = 1

========================================================================
Received Import Request.
  Time since last request: 0.000054 seconds.
  path: Assets/TextMesh Pro/Shaders/TMP_SDF-HDRP UNLIT.shadergraph
  artifactKey: Guid(f63d574838ccfb44f84acc05fed0af48) Importer(2089858483,192608db42251d675da83286b1cce702)
Start importing Assets/TextMesh Pro/Shaders/TMP_SDF-HDRP UNLIT.shadergraph using Guid(f63d574838ccfb44f84acc05fed0af48) Importer(2089858483,192608db42251d675da83286b1cce702) (ScriptedImporter) -> (artifact id: 'd353de6697400aa834fda9bed2ce73c4') in 0.010580709 seconds
Number of updated asset objects reloaded before import = 0Number of asset objects unloaded after import = 3

========================================================================
Received Import Request.
  Time since last request: 0.000048 seconds.
  path: Assets/TextMesh Pro/Shaders/TMP_SDF-Mobile Masking.shader
  artifactKey: Guid(bc1ede39bf3643ee8e493720e4259791) Importer(2089858483,192608db42251d675da83286b1cce702)
Start importing Assets/TextMesh Pro/Shaders/TMP_SDF-Mobile Masking.shader using Guid(bc1ede39bf3643ee8e493720e4259791) Importer(2089858483,192608db42251d675da83286b1cce702) (ScriptedImporter) -> (artifact id: 'eee989258eee0917c788a36e3f24ec49') in 0.005224708 seconds
Number of updated asset objects reloaded before import = 0Number of asset objects unloaded after import = 1

========================================================================
Received Import Request.
  Time since last request: 0.000045 seconds.
  path: Assets/VRTemplateAssets/Materials/Environment/Grid Dark Large.mat
  artifactKey: Guid(8d599e4346a731a4b9b3e27a818c7047) Importer(2089858483,192608db42251d675da83286b1cce702)
Start importing Assets/VRTemplateAssets/Materials/Environment/Grid Dark Large.mat using Guid(8d599e4346a731a4b9b3e27a818c7047) Importer(2089858483,192608db42251d675da83286b1cce702) (ScriptedImporter) -> (artifact id: '361f6d9d056ebc5d5a01b41af0e8f10f') in 0.004161875 seconds
Number of updated asset objects reloaded before import = 0Number of asset objects unloaded after import = 1

========================================================================
Received Import Request.
  Time since last request: 0.000045 seconds.
  path: Assets/VRTemplateAssets/Models/Blink/BlinkVisual.fbx
  artifactKey: Guid(abd83a5f2e97de448a64683eb362a566) Importer(2089858483,192608db42251d675da83286b1cce702)
Start importing Assets/VRTemplateAssets/Models/Blink/BlinkVisual.fbx using Guid(abd83a5f2e97de448a64683eb362a566) Importer(2089858483,192608db42251d675da83286b1cce702) (ScriptedImporter) -> (artifact id: '38fa5c18505fddac17bf24a58a8d2e28') in 0.011326542 seconds
Number of updated asset objects reloaded before import = 0Number of asset objects unloaded after import = 8

========================================================================
Received Import Request.
  Time since last request: 0.000062 seconds.
  path: Assets/Samples/XR Interaction Toolkit/3.0.7/Hands Interaction Demo/Materials/Unity_Hand_Medium.mat
  artifactKey: Guid(61d033f3a51f40647a5458ea14f3b4af) Importer(2089858483,192608db42251d675da83286b1cce702)
Start importing Assets/Samples/XR Interaction Toolkit/3.0.7/Hands Interaction Demo/Materials/Unity_Hand_Medium.mat using Guid(61d033f3a51f40647a5458ea14f3b4af) Importer(2089858483,192608db42251d675da83286b1cce702) (ScriptedImporter) -> (artifact id: '5b9e1f4d79ad94103e3f25f9b8c7b1cc') in 0.007944791 seconds
Number of updated asset objects reloaded before import = 0Number of asset objects unloaded after import = 10

========================================================================
Received Import Request.
  Time since last request: 0.000049 seconds.
  path: Assets/VRTemplateAssets/Materials/Primitive/torus_Base_color.png
  artifactKey: Guid(ca79f6bd1241df749b5287c1ef0c0304) Importer(2089858483,192608db42251d675da83286b1cce702)
Start importing Assets/VRTemplateAssets/Materials/Primitive/torus_Base_color.png using Guid(ca79f6bd1241df749b5287c1ef0c0304) Importer(2089858483,192608db42251d675da83286b1cce702) (ScriptedImporter) -> (artifact id: '9b726fc8906d55bc12a5c7fef043441a') in 0.007996666 seconds
Number of updated asset objects reloaded before import = 0Number of asset objects unloaded after import = 1

========================================================================
Received Import Request.
  Time since last request: 0.000053 seconds.
  path: Assets/VRTemplateAssets/Materials/Primitive/torus_Metallic.png
  artifactKey: Guid(287310663f2f35d40ab48eb40247cbfd) Importer(2089858483,192608db42251d675da83286b1cce702)
Start importing Assets/VRTemplateAssets/Materials/Primitive/torus_Metallic.png using Guid(287310663f2f35d40ab48eb40247cbfd) Importer(2089858483,192608db42251d675da83286b1cce702) (ScriptedImporter) -> (artifact id: 'd6300ace5c5111ea27a2d9d767e33c2a') in 0.008084333 seconds
Number of updated asset objects reloaded before import = 0Number of asset objects unloaded after import = 1

========================================================================
Received Import Request.
  Time since last request: 0.000057 seconds.
  path: Assets/VRTemplateAssets/Models/Primitives/Tapered Cylinder.fbx
  artifactKey: Guid(759e8ecdd66ef614b844d0f68de1f901) Importer(2089858483,192608db42251d675da83286b1cce702)
Start importing Assets/VRTemplateAssets/Models/Primitives/Tapered Cylinder.fbx using Guid(759e8ecdd66ef614b844d0f68de1f901) Importer(2089858483,192608db42251d675da83286b1cce702) (ScriptedImporter) -> (artifact id: 'eb0418ab0be4bb31bef64a9569ccea61') in 0.011432541 seconds
Number of updated asset objects reloaded before import = 0Number of asset objects unloaded after import = 8

========================================================================
Received Import Request.
  Time since last request: 0.000049 seconds.
  path: Assets/TextMesh Pro/Fonts/LiberationSans.ttf
  artifactKey: Guid(e3265ab4bf004d28a9537516768c1c75) Importer(2089858483,192608db42251d675da83286b1cce702)
Start importing Assets/TextMesh Pro/Fonts/LiberationSans.ttf using Guid(e3265ab4bf004d28a9537516768c1c75) Importer(2089858483,192608db42251d675da83286b1cce702) (ScriptedImporter) -> (artifact id: '395c7eb46bfab1d8c327b91b1c818e5a') in 0.005617458 seconds
Number of updated asset objects reloaded before import = 0Number of asset objects unloaded after import = 3

========================================================================
Received Import Request.
  Time since last request: 0.000054 seconds.
  path: Assets/VRTemplateAssets/Scripts/BooleanToggleVisualsController.cs
  artifactKey: Guid(f390e213230ce1d42a51aed871ab74ce) Importer(2089858483,192608db42251d675da83286b1cce702)
Start importing Assets/VRTemplateAssets/Scripts/BooleanToggleVisualsController.cs using Guid(f390e213230ce1d42a51aed871ab74ce) Importer(2089858483,192608db42251d675da83286b1cce702) (ScriptedImporter) -> (artifact id: 'ae0bc76446ae63c78372c90ecd9cd592') in 0.004445125 seconds
Number of updated asset objects reloaded before import = 0Number of asset objects unloaded after import = 0

========================================================================
Received Import Request.
  Time since last request: 0.000051 seconds.
  path: Assets/TextMesh Pro/Resources/Fonts & Materials/LiberationSans SDF - Outline.mat
  artifactKey: Guid(79459efec17a4d00a321bdcc27bbc385) Importer(2089858483,192608db42251d675da83286b1cce702)
Start importing Assets/TextMesh Pro/Resources/Fonts & Materials/LiberationSans SDF - Outline.mat using Guid(79459efec17a4d00a321bdcc27bbc385) Importer(2089858483,192608db42251d675da83286b1cce702) (ScriptedImporter) -> (artifact id: 'b0cbfa40bd4b274dfd7fc1fecfe144af') in 0.017331083 seconds
Number of updated asset objects reloaded before import = 0Number of asset objects unloaded after import = 2

========================================================================
Received Prepare
Refreshing native plugins compatible for Editor in 20.69 ms, found 10 plugins.
Preloading 0 native plugins for Editor in 0.00 ms.
Unloading 17 Unused Serialized files (Serialized files now loaded: 0)
Unloading 42 unused Assets / (2.3 MB). Loaded Objects now: 6304.
Memory consumption went from 148.4 MB to 146.1 MB.
Total: 20.350083 ms (FindLiveObjects: 0.251375 ms CreateObjectMapping: 0.076000 ms MarkObjects: 19.549208 ms  DeleteObjects: 0.472750 ms)

Prepare: number of updated asset objects reloaded= 151
========================================================================
Received Prepare
Refreshing native plugins compatible for Editor in 9.16 ms, found 10 plugins.
Preloading 0 native plugins for Editor in 0.00 ms.
Unloading 14 Unused Serialized files (Serialized files now loaded: 0)
Unloading 14 unused Assets / (2.3 MB). Loaded Objects now: 6304.
Memory consumption went from 147.5 MB to 145.3 MB.
Total: 7.645750 ms (FindLiveObjects: 0.187125 ms CreateObjectMapping: 0.078459 ms MarkObjects: 6.998791 ms  DeleteObjects: 0.380792 ms)

Prepare: number of updated asset objects reloaded= 0
========================================================================
Received Import Request.
  Time since last request: 271.869207 seconds.
  path: Assets/Scenes/SampleScene/LightingData.asset
  artifactKey: Guid(babed66f44e8b5445b185fac4e02e130) Importer(2089858483,192608db42251d675da83286b1cce702)
Start importing Assets/Scenes/SampleScene/LightingData.asset using Guid(babed66f44e8b5445b185fac4e02e130) Importer(2089858483,192608db42251d675da83286b1cce702) (ScriptedImporter) -> (artifact id: 'f5ea54053482cb5e0c88c299bfecffde') in 0.062837959 seconds
Number of updated asset objects reloaded before import = 0Number of asset objects unloaded after import = 2

========================================================================
Received Prepare
Begin MonoManager ReloadAssembly
Thread 0x16d337000 may have been prematurely finalized
- Loaded All Assemblies, in  0.762 seconds
'Packages/com.unity.xr.openxr/Runtime/OpenXRLoader.cs' contains partial class of Unity.Object, exactly 1 of the partial classes needs to be in a file with the same filename. This is to know the one that can be referenced from ie. GameObjects
'Packages/com.unity.xr.openxr/Runtime/OpenXRLoaderInternal.cs' contains partial class of Unity.Object, exactly 1 of the partial classes needs to be in a file with the same filename. This is to know the one that can be referenced from ie. GameObjects
Refreshing native plugins compatible for Editor in 13.06 ms, found 10 plugins.
The file 'MemoryStream' is corrupted! Remove it and launch unity again!
[Position out of bounds!]
Fatal Error! The file 'MemoryStream' is corrupted! Remove it and launch unity again!
[Position out of bounds!]
Obtained 39 stack frames.
#0  0x000001a00915d0 in __pthread_kill
#1  0x565d80019ffd6a30 in abort
#2  0x645e0001058cc0fc in __cxx_global_var_init.2
#3  0x0000010446f198 in EditorMonoConsole::LogToConsoleImplementation(CppLogEntry&)
#4  0x0000010446ecdc in EditorMonoConsole::LogToConsoleImplementation(DebugStringToFileData const&)
#5  0x0000010447090c in LogToConsoleImplementation(DebugStringToFileData const&)
#6  0x0000010515c7a4 in DebugStringToFilePostprocessedStacktrace(DebugStringToFileData const&)
#7  0x0000010515cfdc in DebugStringToFile(DebugStringToFileData const&)
#8  0x000001034a6f5c in CachedReader::OutOfBoundsError(unsigned long, unsigned long)
#9  0x000001034a7370 in CachedReader::UpdateReadCache(void*, unsigned long)
#10 0x0000010380d900 in void Transfer_Blittable<StreamedBinaryRead, false, unsigned char>(SerializationCommandArguments const&, RuntimeSerializationCommandInfo&)
#11 0x0000010379eda8 in void TransferScriptingObject<StreamedBinaryRead>(StreamedBinaryRead&, ScriptingObjectPtr, ScriptingClassPtr, SerializationCache::Data*&)::'lambda'(bool, bool)::operator()(bool, bool) const
#12 0x0000010379ebd0 in void TransferScriptingObject<StreamedBinaryRead>(StreamedBinaryRead&, ScriptingObjectPtr, ScriptingClassPtr, SerializationCache::Data*&)
#13 0x0000010379e710 in void SerializableManagedRefTransfer::TransferScriptingObjectWithSerializedRefSupport<StreamedBinaryRead>(Object*, SerializableManagedRef&, StreamedBinaryRead&)
#14 0x000001037ae9c8 in SerializableManagedRefTransfer::TransferBinaryInstanceOnly(Object*, SerializableManagedRef&, core::vector<unsigned char, core::allocator<unsigned char, 0ul>>&, TransferInstructionFlags)
#15 0x000001037ae7f4 in void SerializableManagedRefTransfer::RestoreBackupImpl<SerializableManagedRefBackupGenerator>(Object*, SerializableManagedRef&, TransferInstructionFlags)
#16 0x00000103892394 in SerializableManagedRefsUtilities::RestoreBackups(DomainReloadingData const&)
#17 0x00000103795e78 in MonoManager::FinalizeReload()
#18 0x00000104c9dc00 in ScriptingInitializer::FinalizeReload()
#19 0x00000104cd8a18 in AssetImportWorkerClient::ReloadScriptingDomain()
#20 0x00000104cf45f8 in invocation function for block in AssetImportWorkerClient::HandleMessage(PrepareMessage const&)::$_12::operator()() const
#21 0x0000019ff193e8 in _dispatch_client_callout
#22 0x510900019ff289b0 in _dispatch_async_and_wait_invoke
#23 0x931480019ff193e8 in _dispatch_client_callout
#24 0xc53580019ff27bb8 in _dispatch_main_queue_drain
#25 0xee1100019ff277cc in _dispatch_main_queue_callback_4CF
#26 0x25438001a01eaab4 in __CFRUNLOOP_IS_SERVICING_THE_MAIN_DISPATCH_QUEUE__
#27 0xef1c0001a01a8238 in __CFRunLoopRun
#28 0xb8650001a01a7414 in CFRunLoopRunSpecific
#29 0xf5500001aa95419c in RunCurrentEventLoopInMode
#30 0x4c348001aa953fd8 in ReceiveNextEventCommon
#31 0x2d038001aa953d30 in _BlockUntilNextEventMatchingListInModeWithFilter
#32 0x40690001a3a08cc8 in _DPSNextEvent
#33 0xba770001a41ff4d0 in -[NSApplication(NSEventRouting) _nextEventMatchingEventMask:untilDate:inMode:dequeue:]
#34 0x89078001a39fbffc in -[NSApplication run]
#35 0x8f190001a39d3240 in NSApplicationMain
#36 0x33440001058e8dd4 in EditorMain(int, char const**)
#37 0x000001058e9130 in main
#38 0x0000019fd3f154 in start
